English (en),Russian (ru),anger,anticipation,disgust,fear,joy,sadness,surprise,trust
NA,аббат,0,0,0,0,0,0,0,1
NA,аберрац,0,0,1,0,0,0,0,0
NA,аборт,0,0,1,1,0,1,0,0
NA,абсцесс,0,0,0,0,0,1,0,0
NA,аванп,0,0,0,1,0,0,0,0
NA,автобус,0,0,0,0,1,0,0,0
NA,автоматическ,0,0,0,0,0,0,0,1
NA,автор,0,0,0,0,0,0,0,1
NA,авторизац,0,0,0,0,0,0,0,1
NA,авторитетн,0,0,0,0,0,0,0,1
NA,аг,0,0,0,1,0,0,0,1
NA,агон,1,0,0,1,0,1,0,0
NA,агресс,1,0,0,1,0,0,0,0
NA,агрессивн,1,0,0,1,0,0,0,0
NA,агрессор,1,0,0,1,0,0,0,0
NA,ад,1,0,1,1,0,1,0,0
NA,адвокат,1,0,0,1,0,0,0,1
NA,административн,0,0,0,0,0,0,0,1
NA,адмира,0,0,0,0,0,0,0,1
NA,адрес,0,1,0,0,0,0,0,0
NA,адск,1,0,1,1,0,1,0,0
NA,азартный игрок,0,1,0,0,0,0,1,0
NA,академическ,0,0,0,0,0,0,0,1
NA,аккредитова,0,0,0,0,0,0,0,1
NA,акробат,0,0,0,1,1,0,0,1
NA,аксиом,0,0,0,0,0,0,0,1
NA,аксиоматическ,0,0,0,0,0,0,0,1
NA,актуальн,0,0,0,0,0,0,0,1
NA,акушер,0,0,0,0,0,0,0,1
NA,акушерк,0,1,0,0,1,0,0,1
NA,алкоголизм,1,0,1,1,0,1,0,0
NA,алмаз,0,0,0,0,1,0,0,0
NA,алох,0,1,0,0,1,0,0,0
NA,альб,0,0,0,0,0,0,0,1
NA,альянс,0,0,0,0,0,0,0,1
NA,амбиц,0,1,0,0,1,0,0,1
NA,амин,0,0,0,0,1,0,0,1
NA,аммиак,0,0,1,0,0,0,0,0
NA,амнист,0,0,0,0,1,0,0,0
NA,аморальн,1,0,1,1,0,1,0,0
NA,амортизац,0,0,0,1,0,0,0,1
NA,амфетамин,0,0,1,0,0,0,0,0
NA,анаконд,0,0,1,1,0,0,0,0
NA,аналитик,0,1,0,0,0,0,0,1
NA,анарх,1,0,0,1,0,0,0,0
NA,анархизм,1,0,0,1,0,0,0,0
NA,анархист,1,0,0,1,0,0,0,0
NA,анафем,1,0,1,1,0,1,0,0
NA,ангел,0,1,0,0,1,0,1,1
NA,ангельск,0,0,0,0,1,0,0,1
NA,анимирова,0,0,0,0,1,0,0,0
NA,аннулирова,0,0,0,0,0,0,1,0
NA,аннулирован,0,0,0,0,0,1,0,0
NA,аномал,0,0,0,1,0,0,1,0
NA,аномальн,0,0,1,0,0,0,0,0
NA,ансамбл,0,0,0,0,0,0,0,1
NA,антагонизм,1,0,0,0,0,0,0,0
NA,антагонист,1,0,0,0,0,0,0,0
NA,антагонистическ,1,0,1,0,0,0,0,0
NA,антиобществен,1,0,1,1,0,1,0,0
NA,антипат,1,0,1,0,0,0,0,0
NA,антисептик,0,0,0,0,0,0,0,1
NA,антитез,1,0,0,0,0,0,0,0
NA,антихрист,1,0,1,1,0,0,0,0
NA,антракт,0,1,0,0,0,0,0,0
NA,апат,0,0,0,0,0,1,0,0
NA,апатичн,0,0,0,0,0,1,0,0
NA,апач,0,0,0,1,0,0,0,0
NA,аплодисмент,0,0,0,0,1,0,1,1
NA,апостол,0,0,0,0,0,0,0,1
NA,апостольск,0,0,0,0,0,0,0,1
NA,аппендиц,0,0,0,1,0,1,0,0
NA,арбитр,0,0,0,0,0,0,0,1
NA,арбитраж,0,1,0,0,0,0,0,0
NA,аргумент,1,0,0,0,0,0,0,0
NA,аргументац,1,0,0,0,0,0,0,0
NA,арест,1,0,0,0,0,0,0,0
NA,арсена,0,0,0,0,0,0,0,1
NA,артиллер,0,0,0,1,0,0,0,0
NA,археолог,0,1,0,0,0,0,0,0
NA,архитектур,0,0,0,0,0,0,0,1
NA,асимметр,0,0,1,0,0,0,0,0
NA,ассоциац,0,0,0,0,0,0,0,1
NA,ассоциирова,0,0,0,0,0,0,0,1
NA,астролог,0,1,0,0,0,0,0,0
NA,астрон,0,1,0,0,0,0,0,0
NA,атак,1,0,1,1,0,1,1,0
NA,атакова,1,0,0,1,0,0,0,0
NA,атеросклероз,0,0,0,1,0,1,0,0
NA,атроф,0,0,1,1,0,1,0,0
NA,аттестац,0,0,0,0,0,0,0,1
NA,аудитор,0,1,0,1,0,0,0,1
NA,аукцион,0,1,0,0,0,0,0,0
NA,аутентификац,0,0,0,0,0,0,0,1
NA,аутентифицирова,0,0,0,0,0,0,0,1
NA,аутентичн,0,0,0,0,1,0,0,1
NA,аэропорт,0,1,0,0,0,0,0,0
NA,бабуин,0,0,1,0,0,0,0,0
NA,баз,0,0,0,0,0,0,0,1
NA,бактер,0,0,1,1,0,1,0,0
NA,балк,0,0,0,0,0,0,0,1
NA,балова,1,0,1,0,0,0,0,0
NA,бальз,0,1,0,0,1,0,0,0
NA,банд,1,0,0,1,0,0,0,0
NA,банк,0,0,0,0,0,0,0,1
NA,банкет,0,1,0,0,1,0,0,0
NA,банкир,0,0,0,0,0,0,0,1
NA,банкрот,0,0,0,1,0,1,0,0
NA,банкротств,1,0,1,1,0,1,0,0
NA,банш,1,0,1,1,0,1,0,0
NA,бара,1,1,0,0,0,0,0,0
NA,барахта,0,0,1,0,0,1,0,0
NA,барм,0,0,0,0,0,0,0,1
NA,баррикад,0,0,0,1,0,0,0,0
NA,барсук,1,0,0,0,0,0,0,0
NA,бартер,0,0,0,0,0,0,0,1
NA,барьер,1,0,0,0,0,0,0,0
NA,баскетбол,0,1,0,0,1,0,0,0
NA,бастион,1,0,0,0,0,0,0,0
NA,батальон,1,0,0,0,0,0,0,0
NA,батаре,1,0,0,0,0,0,0,0
NA,бден,0,1,0,0,0,0,0,0
NA,бдительн,0,1,0,1,0,0,1,1
NA,бегемот,0,0,0,1,0,0,0,0
NA,беглец,1,0,1,1,0,1,0,1
NA,беговая дорожк,0,1,0,0,0,0,0,0
NA,бедност,1,0,1,1,0,1,0,0
NA,бедств,0,0,0,0,0,1,0,0
NA,бедственное положен,0,1,1,1,0,1,0,0
NA,бежа,0,0,0,1,0,0,0,0
NA,беженец,0,0,0,0,0,1,0,0
NA,без назван,0,0,0,0,0,1,0,0
NA,без ум,1,0,1,1,0,1,0,0
NA,безбожн,1,0,0,0,0,0,0,0
NA,безвкусн,0,0,1,0,0,0,0,0
NA,безвозмездн,0,0,1,0,0,0,0,0
NA,безвыходное положен,1,0,1,0,0,0,0,0
NA,бездельнича,0,0,1,0,0,1,0,0
NA,бездн,0,0,0,1,0,1,0,0
NA,бездомн,1,1,1,1,0,1,0,0
NA,бездон,0,0,0,1,0,1,0,0
NA,бездушн,0,0,1,1,0,1,0,0
NA,безжалостн,1,0,1,1,0,0,0,0
NA,безжизнен,0,0,0,1,0,1,0,0
NA,беззакон,1,0,1,1,0,0,0,0
NA,беззащитн,0,0,0,1,0,1,0,0
NA,безмятежн,0,0,0,0,0,0,0,1
NA,безнадежн,1,0,1,1,0,1,0,0
NA,безнравствен,1,0,1,1,0,0,0,0
NA,безопасн,0,0,0,0,1,0,0,1
NA,безответн,0,0,0,0,0,1,0,0
NA,безработн,0,0,0,1,0,1,0,0
NA,безразличн,1,0,1,0,0,1,0,0
NA,безрассудн,1,0,0,1,0,0,0,0
NA,безрассудств,1,0,1,1,0,0,1,0
NA,безум,1,0,1,1,0,1,0,0
NA,безумн,1,1,1,1,0,0,1,0
NA,безупречн,0,0,0,0,1,0,0,1
NA,безымя,0,0,1,0,0,0,0,0
NA,белизн,0,0,0,0,1,0,0,0
NA,бережлив,0,0,1,0,0,0,0,1
NA,берез,1,0,1,1,0,0,0,0
NA,беремен,0,0,1,0,0,0,0,0
NA,берк,1,0,1,1,0,1,0,0
NA,берсерк,1,0,0,0,0,0,0,0
NA,бесконечн,1,1,0,1,1,1,0,1
NA,бесплод,0,0,0,0,0,1,0,0
NA,бесплодн,0,0,0,0,0,1,0,0
NA,беспоко,1,0,1,0,0,0,0,0
NA,беспокойн,0,0,1,1,0,0,0,0
NA,беспокойств,1,1,0,1,0,1,0,0
NA,беспокоя,1,0,0,0,0,0,0,0
NA,бесполезн,1,0,1,0,0,1,0,0
NA,беспомощн,0,0,0,1,0,1,0,0
NA,беспорядк,0,0,0,1,0,1,0,0
NA,беспорядок,0,0,1,1,0,0,0,0
NA,беспорядочн,0,0,1,0,0,0,0,0
NA,беспощадн,1,0,1,0,0,0,0,0
NA,беспрецедентн,0,0,0,0,0,0,1,0
NA,беспристрастн,0,0,0,0,0,0,0,1
NA,беспроводн,1,1,0,0,0,0,1,0
NA,бессердечн,0,0,0,0,0,1,0,0
NA,бессильн,1,0,1,1,0,1,0,0
NA,бессмерт,0,1,0,0,0,0,0,0
NA,бессмертн,0,1,0,0,1,1,0,1
NA,бессмыслен,1,0,1,1,0,1,1,0
NA,бесспорн,0,0,0,0,0,0,0,1
NA,бесстрастн,0,0,0,0,0,1,0,0
NA,бесстрашн,0,0,0,1,0,0,0,0
NA,бесстыдн,0,0,1,0,0,0,0,0
NA,бестелесн,0,0,0,1,0,1,0,0
NA,бесчеловечн,1,0,1,1,0,1,0,0
NA,бесчест,1,0,1,1,0,1,0,0
NA,бесчестн,1,0,1,1,0,0,0,0
NA,бесшабашн,0,0,0,0,1,0,0,0
NA,бешен,1,1,1,1,0,1,0,0
NA,биопс,0,0,0,1,0,0,0,0
NA,бич,1,0,0,1,0,1,0,0
NA,благовон,1,0,0,0,0,0,0,0
NA,благоговен,0,0,0,0,1,0,0,1
NA,благодарен,0,0,0,0,1,0,0,0
NA,благодарн,0,0,0,0,1,0,0,0
NA,благодетел,0,0,0,0,0,0,0,1
NA,благоприятн,0,1,0,0,1,0,1,1
NA,благоразумн,0,0,0,0,0,0,0,1
NA,благородн,0,0,0,0,0,0,0,1
NA,благородств,0,1,0,0,0,0,0,1
NA,благослов,0,1,0,0,1,0,0,1
NA,благословен,0,1,0,0,1,0,1,1
NA,благотворительн,0,1,0,0,1,0,0,1
NA,благотворительная деятельн,0,0,0,0,1,0,0,0
NA,благотворн,0,0,0,0,1,0,0,1
NA,благоустройств,0,0,0,0,1,0,0,1
NA,благочестив,0,0,1,0,1,1,0,1
NA,блажен,0,0,0,0,1,0,0,0
NA,блаженств,0,0,0,0,1,0,0,0
NA,блева,0,0,1,0,0,0,0,0
NA,бледн,0,0,0,1,0,1,0,0
NA,блеск,0,1,1,0,1,0,1,0
NA,блестя,0,1,0,0,1,0,0,1
NA,ближний б,0,0,0,1,0,0,0,0
NA,близорук,1,0,0,0,0,1,0,0
NA,близост,0,0,0,0,1,0,0,1
NA,блиц,0,0,0,0,0,0,1,0
NA,блокад,1,0,0,1,0,1,0,0
NA,блох,0,0,1,0,0,0,0,0
NA,блудниц,0,0,1,0,0,0,0,0
NA,блюз,0,0,0,1,0,1,0,0
NA,бо,1,0,0,1,0,0,0,0
NA,бог,0,1,0,1,1,0,0,1
NA,богатств,0,0,0,0,1,0,0,1
NA,богослов,0,1,0,0,0,0,0,0
NA,богословск,0,0,0,0,0,0,0,1
NA,богохульн,1,0,1,0,0,0,0,0
NA,богохульств,1,0,0,0,0,0,0,0
NA,бодрост,0,1,0,0,1,0,0,1
NA,боев,1,0,0,1,0,0,0,0
NA,боевые действ,1,0,0,1,0,0,0,0
NA,боеприпас,0,0,0,1,0,0,0,0
NA,бойн,1,0,1,1,0,1,1,0
NA,бол,0,0,0,1,0,1,1,0
NA,болезн,1,0,1,1,0,1,0,0
NA,болезнен,1,0,1,1,0,1,0,0
NA,болот,0,0,1,1,0,0,0,0
NA,болотист,0,0,1,1,0,0,0,0
NA,больн,1,0,1,1,0,1,0,0
NA,больниц,0,0,0,1,0,1,0,1
NA,больш,0,0,1,0,0,0,1,1
NA,большинств,0,0,0,0,1,0,0,1
NA,бомб,1,0,1,1,0,1,1,0
NA,бомбардирова,1,0,0,1,0,0,0,0
NA,бомбардировк,1,0,0,1,0,0,0,0
NA,бомбардировщик,0,0,0,1,0,1,0,0
NA,бондаж,0,0,0,1,0,1,0,0
NA,бонус,0,1,0,0,1,0,1,0
NA,бордел,0,0,1,0,0,0,0,0
NA,бормота,1,0,0,0,0,0,0,0
NA,бородавк,0,0,1,0,0,0,0,0
NA,борозд,0,0,0,0,0,1,0,0
NA,бортов,0,1,0,0,0,0,0,0
NA,борьб,1,0,0,1,0,1,0,0
NA,брак,0,1,0,0,1,0,0,1
NA,браконьерств,1,0,1,1,0,1,0,0
NA,бран,1,0,0,0,0,0,0,0
NA,брат,0,0,0,0,0,0,0,1
NA,братск,0,1,0,0,1,0,0,1
NA,братств,0,0,0,0,0,0,0,1
NA,бред,1,1,1,1,1,1,1,1
NA,бредов,1,0,0,1,0,0,0,0
NA,брезглив,0,0,1,1,0,0,0,0
NA,бригад,0,0,0,1,0,0,0,0
NA,бритв,0,0,0,1,0,0,0,0
NA,бродяг,0,0,1,1,0,1,0,0
NA,брон,0,0,0,1,0,0,0,1
NA,бронирова,0,0,0,1,0,0,0,0
NA,бросать выз,1,0,0,1,0,1,1,0
NA,буйн,1,0,0,1,0,0,1,0
NA,букет,0,0,0,0,1,0,0,1
NA,булав,0,0,0,1,0,0,0,0
NA,бумеранг,0,1,0,0,0,0,0,1
NA,бункер,0,0,0,1,0,0,0,0
NA,бунт,1,0,1,1,0,0,1,0
NA,бунтар,1,0,0,1,0,0,0,0
NA,бур,1,1,0,1,0,1,1,0
NA,бурлеск,0,0,0,0,0,0,1,0
NA,бурн,1,0,0,1,0,0,0,0
NA,буфет,1,0,0,0,0,0,0,0
NA,бухгалтер,0,0,0,0,0,0,0,1
NA,бухт,0,1,1,1,1,0,0,0
NA,буш,1,0,1,1,0,0,0,0
NA,быстрот,0,0,0,0,0,0,1,0
NA,быть может,0,0,0,0,0,0,1,0
NA,быч,0,0,1,0,0,0,0,0
NA,бюджет,0,0,0,0,0,0,0,1
NA,бюллетен,0,0,0,0,0,0,0,1
NA,бюрократ,0,0,1,0,0,0,0,1
NA,в бред,0,0,0,0,0,1,0,0
NA,в гор,0,1,0,1,0,0,0,0
NA,в жив,0,1,0,0,1,0,0,1
NA,в конечном счет,0,1,0,0,0,0,0,0
NA,в конце конц,0,1,1,0,1,0,1,1
NA,в случа,1,0,1,1,0,1,0,0
NA,в соответствии с закон,0,0,0,0,0,0,0,1
NA,в ярост,1,0,1,0,0,0,0,0
NA,важн,0,0,0,0,0,0,0,1
NA,важност,0,1,0,0,0,0,0,0
NA,валов,0,0,1,0,0,0,0,0
NA,вампир,1,0,1,1,0,0,0,0
NA,варвар,0,0,0,1,0,0,0,0
NA,варварск,1,0,1,1,0,0,0,0
NA,ваучер,0,0,0,0,0,0,0,1
NA,вафл,1,0,0,0,0,1,0,0
NA,введение в заблужден,0,0,0,0,0,1,0,0
NA,ввести в заблужден,1,0,0,1,0,0,0,1
NA,вводящий в заблужден,1,0,1,0,0,0,0,0
NA,вдов,0,0,0,0,0,1,0,0
NA,вдовец,0,0,0,0,0,1,0,0
NA,вдохновен,0,1,0,0,1,0,0,0
NA,вдохновлен,0,0,0,0,1,0,1,1
NA,вдохновля,0,1,0,0,1,0,0,1
NA,"вдруг, внезапн",0,0,0,0,0,0,1,0
NA,вегетативн,0,0,1,0,0,1,0,0
NA,ведущ,0,0,0,0,0,0,0,1
NA,ведьм,1,0,1,1,0,0,0,0
NA,везикулярн,0,0,1,0,0,0,0,0
NA,великолеп,0,1,0,0,1,0,1,1
NA,великолепн,0,1,0,0,1,0,1,1
NA,велич,0,0,0,0,1,0,1,1
NA,величествен,0,1,0,0,1,0,1,1
NA,вендетт,1,0,0,1,0,1,0,0
NA,вентиляц,1,0,0,0,0,0,0,0
NA,венча,0,1,0,0,1,0,1,1
NA,вер,0,1,0,0,1,0,0,1
NA,верн,0,0,0,1,1,0,1,1
NA,верност,0,0,0,0,1,0,0,1
NA,вероятн,0,1,0,0,0,0,0,0
NA,верс,0,1,0,0,0,0,0,0
NA,вес,0,1,0,1,0,0,0,0
NA,весел,0,1,0,0,1,0,1,0
NA,весен,0,0,0,0,1,0,0,0
NA,весл,0,1,0,0,0,0,0,0
NA,весом,0,0,0,1,0,0,0,0
NA,вести переговор,0,0,0,0,0,0,0,1
NA,весьм,0,0,0,0,0,0,0,1
NA,вет,1,0,0,0,0,0,0,0
NA,ветера,0,0,0,0,0,0,0,1
NA,ветряная осп,0,0,1,1,0,1,0,0
NA,ветх,0,0,1,0,0,1,0,0
NA,вечнозелен,0,0,0,0,1,0,0,1
NA,вечност,0,1,0,0,0,0,0,1
NA,взвешива,0,1,0,0,0,0,0,1
NA,взволнова,1,1,0,0,1,0,1,1
NA,вздор,0,0,1,0,0,0,0,0
NA,вздрагива,1,0,1,1,0,1,1,0
NA,вздремнут,0,0,0,0,1,0,0,0
NA,вздрогнут,0,1,1,1,0,1,1,0
NA,взорва,1,0,0,1,0,1,1,0
NA,взрыв,1,0,0,1,0,0,1,0
NA,взрывн,1,1,0,1,0,0,1,0
NA,взяточничеств,0,0,1,0,0,0,0,0
NA,визг,0,0,0,1,0,0,1,0
NA,визжа,1,0,0,1,0,1,1,0
NA,викар,0,0,0,0,0,0,0,1
NA,виктор,0,0,0,0,1,0,0,0
NA,вин,0,0,0,0,0,1,0,0
NA,виновн,1,0,0,0,0,1,0,0
NA,винтовк,1,0,0,1,0,0,0,0
NA,вирулентн,1,0,0,1,0,0,0,0
NA,вирус герпес,0,0,1,0,0,0,0,0
NA,вис,1,0,1,1,0,1,0,0
NA,виселиц,1,0,0,1,0,1,0,0
NA,вихр,0,0,0,1,0,0,0,0
NA,включ,0,0,0,0,0,0,0,1
NA,включен,0,0,0,0,0,0,0,1
NA,вкус,0,1,1,0,1,1,0,1
NA,вкусн,0,0,0,0,1,0,0,0
NA,владен,1,0,1,1,0,0,0,0
NA,владет,0,1,0,0,1,0,0,1
NA,владычеств,0,0,0,1,0,0,0,1
NA,властн,1,0,0,0,0,0,0,0
NA,влиятельн,0,0,0,0,0,0,0,1
NA,вмешательств,0,0,0,0,0,1,0,0
NA,вмешива,1,0,0,0,0,0,0,0
NA,вне себя от рад,0,0,0,0,1,0,0,0
NA,внезапн,0,0,0,0,0,0,1,0
NA,внесудебн,0,0,0,1,0,0,0,0
NA,внимательн,0,0,0,0,0,0,0,1
NA,вновь появ,0,0,0,0,0,0,1,0
NA,внук,0,1,0,0,1,0,0,1
NA,внутрен,0,0,1,0,0,0,0,0
NA,во,1,0,1,1,0,1,1,0
NA,вовлека,1,0,0,0,0,0,0,0
NA,водоворот,0,0,0,1,0,0,0,0
NA,воен,0,0,0,1,0,0,0,0
NA,военное дел,1,0,0,1,0,1,0,0
NA,возбужда,1,1,0,1,1,0,1,0
NA,возбужден,1,1,0,1,1,0,1,0
NA,возвыша,0,1,0,1,0,0,0,0
NA,возвышен,0,1,0,1,1,0,0,1
NA,воздержива,1,0,1,0,0,0,0,0
NA,воздух,0,0,1,0,0,0,0,0
NA,воздушный зм,0,0,1,0,0,0,0,0
NA,возмезд,1,0,0,1,0,1,0,0
NA,возмещен,0,0,0,0,0,0,0,1
NA,возможн,0,1,0,1,0,0,0,1
NA,возмутительн,0,0,0,0,0,0,1,0
NA,возмуща,1,0,0,0,0,0,0,0
NA,возмущен,1,0,1,1,0,0,0,0
NA,возн,0,0,0,0,1,0,0,0
NA,возражен,1,0,0,0,0,0,0,0
NA,возрод,0,1,0,1,1,0,1,0
NA,возрожден,0,1,0,0,1,0,0,1
NA,воин,1,0,0,1,0,0,0,0
NA,воинствен,1,0,0,1,0,0,0,0
NA,войн,0,0,0,1,0,0,0,0
NA,волатильн,1,1,0,1,0,0,1,0
NA,волдыр,0,0,1,0,0,0,0,0
NA,волнен,1,0,0,0,0,0,0,0
NA,волнова,0,1,0,1,0,1,0,0
NA,волонтер,0,1,0,1,1,0,0,1
NA,волосат,0,0,1,0,0,0,0,0
NA,волшебн,0,1,0,0,1,0,1,0
NA,волшебник,0,1,0,0,0,0,1,0
NA,вон,0,0,1,0,0,0,0,0
NA,вонюч,0,0,1,0,0,0,0,0
NA,вооружен,1,0,0,1,0,0,0,0
NA,вопиющ,1,0,1,0,0,0,0,0
NA,вопл,0,0,0,1,0,1,0,0
NA,вор,1,0,1,1,0,1,1,0
NA,ворова,1,0,0,1,0,1,0,0
NA,воровств,0,0,1,1,0,0,0,0
NA,ворот,0,0,0,0,0,0,0,1
NA,ворча,1,0,1,0,0,0,0,0
NA,восклица,0,0,0,0,0,0,1,0
NA,воспева,1,1,0,0,1,0,1,0
NA,воспитыва,1,1,1,1,1,0,0,1
NA,воссоединен,0,1,0,0,0,0,0,1
NA,восстан,1,1,0,1,0,0,0,0
NA,восстановительн,0,1,0,0,1,0,0,1
NA,восторг,0,1,0,0,1,0,0,0
NA,восторжен,0,1,0,0,1,0,1,0
NA,восхитительн,0,1,0,0,1,0,0,1
NA,восхища,0,0,0,0,0,0,0,1
NA,восхищен,0,0,0,0,1,0,1,1
NA,вош,0,0,1,0,0,0,0,0
NA,впечатлительн,0,0,0,0,0,0,0,1
NA,враг,1,0,1,1,0,0,0,0
NA,вражд,1,0,0,0,0,0,0,0
NA,враждебн,1,0,1,1,0,1,0,0
NA,врач,0,0,0,0,0,0,0,1
NA,враща,0,0,0,0,0,0,0,1
NA,вред,1,0,1,1,0,1,0,0
NA,вредител,1,0,1,1,0,0,0,0
NA,вредн,1,0,1,1,0,1,0,0
NA,врем,0,1,0,0,0,0,0,0
NA,врущ,1,0,1,0,0,0,0,0
NA,всеведущ,0,0,0,0,0,0,0,1
NA,всемогуществ,0,0,0,1,0,0,0,0
NA,вскор,0,1,0,0,0,0,0,0
NA,вскрыт,0,0,1,1,0,1,0,0
NA,всплеск,0,0,0,0,0,0,1,0
NA,вспышк,1,0,0,1,1,1,1,0
NA,вторга,1,0,0,1,0,1,1,0
NA,вторжен,1,0,0,1,0,0,0,0
NA,втягива,1,0,0,0,0,0,0,0
NA,вулка,0,0,0,1,0,0,1,0
NA,вульгарн,0,0,1,0,0,0,0,0
NA,вывихнут,1,0,1,1,0,1,0,0
NA,выговор,1,0,0,0,0,0,0,0
NA,выда,0,0,0,0,1,0,0,0
NA,выдержа,0,1,0,1,0,0,0,0
NA,выдумк,1,0,0,0,0,0,0,0
NA,выз,1,0,0,1,0,0,0,0
NA,выздоровлен,0,1,0,0,1,0,0,1
NA,вызыва,0,1,0,0,0,0,0,0
NA,выигрыш,0,1,1,0,1,1,1,1
NA,выкидыш,0,0,0,1,0,1,0,0
NA,выкуп,1,0,0,1,0,0,0,0
NA,вылазк,0,0,0,1,0,0,0,0
NA,вылет из,0,0,0,0,0,1,0,0
NA,вымерш,0,0,0,0,0,1,0,0
NA,вынослив,0,0,0,0,1,0,0,1
NA,вынужден,0,0,0,1,0,0,0,0
NA,выпад,0,0,0,0,0,0,1,0
NA,выпечк,0,0,0,0,1,0,0,0
NA,выполн,0,0,0,0,1,0,0,0
NA,выпускн,0,1,0,1,1,0,1,1
NA,вырожден,1,0,1,0,0,1,0,0
NA,выселен,1,0,1,1,0,1,0,0
NA,выселя,0,0,0,0,0,1,0,0
NA,высокое положен,0,0,0,0,0,0,0,1
NA,высокомерн,1,0,1,0,0,0,0,0
NA,выстрел,1,0,0,1,0,1,1,0
NA,вытащ,0,1,0,0,0,0,0,0
NA,вытесн,1,0,0,0,0,1,0,0
NA,выходное пособ,0,0,0,0,0,1,0,0
NA,вышедший из употреблен,1,0,0,0,0,0,0,0
NA,вял,0,0,0,0,0,1,0,0
NA,вялост,0,0,0,0,0,1,0,0
NA,габ,0,0,1,0,0,0,0,0
NA,гаван,0,0,0,0,0,0,0,1
NA,гагар,0,0,1,0,0,0,0,0
NA,гадан,0,1,0,0,0,0,0,0
NA,гадюк,0,0,0,1,0,0,0,0
NA,галлюцинац,0,0,0,1,0,0,0,0
NA,гарант,0,0,0,0,0,0,0,1
NA,гарантирова,0,0,0,0,0,0,0,1
NA,гармон,0,0,0,0,1,0,0,1
NA,гармоничн,0,0,0,0,1,0,0,1
NA,гарнизон,0,0,0,0,0,0,0,1
NA,гарр,1,0,0,0,0,1,0,0
NA,гас,1,0,0,0,0,0,0,0
NA,гедонизм,0,0,0,0,1,0,0,0
NA,геморр,0,0,1,0,0,0,0,0
NA,генеральн,0,0,0,0,0,0,0,1
NA,гениальн,0,0,0,0,1,0,0,0
NA,гер,0,1,0,0,1,0,1,1
NA,гериатрическ,0,0,0,0,0,1,0,0
NA,гермафрод,0,0,0,0,0,0,1,0
NA,героизм,0,1,0,0,1,0,1,1
NA,героин,0,0,0,0,0,0,0,1
NA,героическ,0,0,0,0,1,0,1,1
NA,герпес,0,0,1,0,0,0,0,0
NA,гетт,0,0,1,1,0,1,0,0
NA,гигант,0,0,0,1,0,0,0,0
NA,гидр,0,0,0,1,0,0,0,0
NA,гидроцефал,0,0,1,1,0,1,0,0
NA,гильотин,1,1,1,1,0,1,0,0
NA,гимн,0,1,0,0,1,1,0,1
NA,гипертроф,0,0,1,1,0,0,1,0
NA,гипотез,0,1,0,0,0,0,1,0
NA,главн,0,0,0,0,0,0,0,1
NA,главный удар,1,0,0,0,0,0,0,0
NA,гладиатор,0,0,0,1,0,0,0,0
NA,глота,0,0,1,0,0,0,0,0
NA,глоток,0,0,1,1,0,0,1,0
NA,глубин,0,0,0,0,0,0,0,1
NA,глуп,0,0,0,0,1,0,0,0
NA,глуш,1,0,1,0,0,0,0,0
NA,гнев,1,0,0,1,0,0,0,0
NA,гнезд,0,0,0,0,0,0,0,1
NA,гниен,0,0,1,0,0,0,0,0
NA,гнил,0,0,1,1,0,1,0,0
NA,гно,0,0,1,0,0,0,0,0
NA,гном,1,0,1,1,0,0,0,0
NA,гнусн,0,0,1,1,0,1,1,0
NA,гоблин,0,0,1,1,0,0,0,0
NA,головокружен,0,0,0,1,0,0,0,0
NA,головорез,1,0,1,1,0,0,0,0
NA,голод,0,0,0,0,0,1,0,0
NA,голодан,0,0,0,1,0,1,0,0
NA,голодн,0,1,0,0,0,0,0,0
NA,голосован,1,1,0,0,1,1,1,1
NA,голуб,0,1,0,0,1,0,0,1
NA,гоноре,1,0,1,1,0,1,0,0
NA,гор,1,1,1,1,0,1,1,0
NA,горд,0,1,0,0,1,0,0,1
NA,гордост,0,0,0,0,1,0,0,0
NA,горева,0,0,0,1,0,1,0,0
NA,горестн,0,0,0,0,0,1,0,0
NA,гореч,1,0,1,0,0,1,0,0
NA,горизонт,0,1,0,0,0,0,0,0
NA,гороскоп,0,1,0,0,0,0,0,0
NA,горьк,1,0,1,0,0,1,0,0
NA,горяч,1,0,0,0,0,0,0,0
NA,господин,0,0,1,0,0,0,0,1
NA,господств,1,0,0,1,0,1,0,0
NA,госпож,1,0,1,0,0,0,0,0
NA,государ,0,0,0,0,0,0,0,1
NA,готов,0,1,0,0,0,0,0,1
NA,готовн,0,1,0,0,1,0,0,1
NA,граб,1,0,1,1,0,1,1,0
NA,грабеж,1,0,1,1,0,0,0,0
NA,грабител,0,0,1,1,0,0,0,0
NA,град,0,0,0,0,0,0,0,1
NA,грамматик,0,0,0,0,0,0,0,1
NA,гран,0,1,0,1,0,0,0,0
NA,гранат,0,0,0,1,0,0,0,0
NA,грант,0,1,0,0,1,0,0,1
NA,гремучая зме,0,0,0,1,0,0,0,0
NA,гремя,1,0,0,1,0,0,0,0
NA,грех,1,0,1,1,0,1,0,0
NA,греш,0,0,1,0,0,0,0,0
NA,грешн,1,0,1,1,0,1,0,0
NA,грешник,1,0,1,1,0,1,0,0
NA,грибок,0,0,1,0,0,0,0,0
NA,гризл,0,0,0,1,0,0,0,0
NA,грипп,0,0,0,1,0,0,0,0
NA,гриф,0,0,1,1,0,0,0,0
NA,гроб,0,0,0,1,0,1,0,0
NA,гробовщик,0,0,0,0,0,1,0,0
NA,грозн,0,0,0,1,0,0,0,0
NA,громкост,1,0,0,0,0,0,0,0
NA,громоздк,0,0,0,0,0,1,0,0
NA,гротеск,0,0,1,0,0,0,0,0
NA,груб,1,0,1,1,0,1,0,0
NA,грубост,1,0,0,1,0,0,0,0
NA,грузовая машин,0,0,0,0,0,0,0,1
NA,грунтовк,0,0,0,0,0,0,0,1
NA,груст,0,0,0,0,0,1,0,1
NA,грустн,0,0,0,0,0,1,0,0
NA,гряз,0,0,1,1,0,0,0,0
NA,грязн,1,0,1,1,0,1,0,0
NA,губернатор,0,0,0,0,0,0,0,1
NA,губернаторск,0,0,0,0,0,0,0,1
NA,губительн,1,0,1,1,0,1,0,0
NA,гувернантк,0,0,0,0,0,0,0,1
NA,гул,0,1,0,1,0,0,0,0
NA,гуманитарн,0,1,0,0,1,0,1,1
NA,гур,0,0,0,0,0,0,0,1
NA,дам,1,0,1,0,0,0,0,1
NA,дамб,0,0,0,0,0,0,0,1
NA,датчик,0,0,0,0,0,0,0,1
NA,движен,0,1,0,0,0,0,0,0
NA,дворецк,0,0,0,0,0,0,0,1
NA,дворник,0,0,1,0,0,0,0,0
NA,дворянин,0,0,0,0,0,0,0,1
NA,дворянств,0,0,0,0,0,0,0,1
NA,двулич,1,0,0,0,0,0,0,0
NA,девк,1,0,1,0,0,0,0,0
NA,девствен,0,1,0,0,0,0,0,0
NA,девственник,0,0,0,0,0,0,0,1
NA,деградирова,0,0,1,0,0,0,0,0
NA,дедушк,0,0,0,0,0,0,0,1
NA,дежурн,0,0,0,0,0,0,0,1
NA,дезертирств,0,0,0,1,0,0,0,0
NA,дезинформац,1,0,0,1,0,0,0,0
NA,действен,1,0,1,0,0,0,0,0
NA,делегирова,0,0,0,0,0,0,0,1
NA,деликтн,1,0,1,0,0,0,0,0
NA,дельфин,0,0,0,0,1,0,1,1
NA,демон,1,0,1,1,0,1,1,0
NA,демоническ,1,0,1,1,0,1,0,0
NA,демонстративн,0,0,0,0,1,1,0,0
NA,деморализова,0,0,0,1,0,1,0,0
NA,денд,0,0,1,0,0,0,0,0
NA,денежн,0,1,0,0,0,0,0,0
NA,денонсирова,1,0,1,0,0,0,0,0
NA,день рожден,0,1,0,0,1,0,1,0
NA,деньг,1,1,0,0,1,0,1,1
NA,депозитар,0,0,0,0,0,0,0,1
NA,депортац,1,0,0,1,0,1,0,0
NA,депортирова,0,0,0,1,0,1,0,0
NA,депресс,1,0,0,1,0,1,0,0
NA,депрессивн,0,0,1,0,0,1,0,0
NA,дерев,1,1,1,0,1,0,1,1
NA,дерзк,1,0,0,0,0,0,0,0
NA,дерматолог,0,0,0,0,0,0,0,1
NA,дерьм,1,0,1,0,0,0,0,0
NA,деспотизм,1,0,1,1,0,1,0,0
NA,деспотичн,0,0,0,1,0,0,0,0
NA,детонац,1,0,0,0,0,0,0,0
NA,детоубийств,1,1,1,1,0,1,0,0
NA,детск,0,0,0,0,1,0,0,1
NA,детская площадк,0,1,0,0,1,0,1,1
NA,детств,0,0,0,0,1,0,0,0
NA,дефект,1,0,0,0,0,0,0,0
NA,дефектн,0,0,1,0,0,0,0,0
NA,дефиц,1,0,0,1,0,1,0,0
NA,дефляц,0,0,0,1,0,0,0,0
NA,дефолт,0,0,1,1,0,1,0,0
NA,деформац,1,0,0,0,0,1,0,0
NA,деформирова,0,0,1,0,0,1,0,0
NA,джеб,1,0,0,0,0,0,0,0
NA,джекпот,0,1,0,0,1,0,1,0
NA,джентльм,1,0,1,1,0,0,0,1
NA,джокер,0,0,0,0,1,0,1,0
NA,джон,0,0,1,0,0,0,0,0
NA,джунгл,0,0,0,1,0,0,0,0
NA,диагноз,0,1,0,1,0,0,0,1
NA,диаграмм,0,0,0,0,0,0,0,1
NA,диаре,0,0,1,0,0,0,0,0
NA,дива,0,0,0,0,0,1,0,1
NA,диверс,0,0,0,0,0,0,1,0
NA,диетическ,0,1,0,0,0,0,0,0
NA,дизентер,0,0,1,0,0,1,0,0
NA,дик,1,0,0,1,0,0,1,0
NA,дикост,1,0,0,1,0,0,0,0
NA,диктатор,0,0,0,1,0,0,0,0
NA,диктаторск,1,0,0,0,0,0,0,0
NA,диктатур,1,1,1,1,0,1,0,0
NA,динамичн,0,0,0,0,0,0,1,0
NA,динозавр,0,0,0,1,0,0,0,0
NA,дипломат,0,1,0,0,0,0,0,1
NA,дипломатическ,0,0,0,0,0,0,0,1
NA,директор,0,0,0,0,0,0,0,1
NA,дисквалифицирова,1,0,1,0,0,1,0,0
NA,дискомфорт,0,0,0,0,0,1,0,0
NA,дискриминац,1,0,1,1,0,1,0,0
NA,диссидент,1,0,0,1,0,0,0,0
NA,диссонанс,1,0,0,0,0,0,0,0
NA,дисциплин,0,0,0,1,0,0,0,0
NA,дифференциа,0,0,0,0,0,0,0,1
NA,длин,0,1,0,0,0,0,0,0
NA,дневник,0,0,0,0,1,0,0,1
NA,до свидан,0,1,0,0,0,0,0,0
NA,доблест,0,0,0,0,0,0,0,1
NA,добр,0,0,0,0,1,0,0,1
NA,добродетел,0,0,0,0,0,0,0,1
NA,добродетельн,0,0,0,0,1,0,0,1
NA,доброжелательн,0,0,0,0,1,0,0,1
NA,доброкачествен,0,0,0,0,1,0,0,0
NA,добросовестн,0,0,0,0,0,0,0,1
NA,доброт,0,1,0,0,1,0,1,1
NA,добыч,0,0,0,1,0,0,0,0
NA,довер,0,0,0,0,0,0,0,1
NA,доверчив,0,0,0,0,0,1,0,1
NA,доверя,0,0,0,0,0,0,0,1
NA,довол,0,0,0,0,1,0,0,0
NA,довольн,0,0,0,0,1,0,0,0
NA,догм,0,0,0,0,0,0,0,1
NA,договор,1,0,0,0,0,0,0,1
NA,дождлив,0,0,0,0,0,1,0,0
NA,доказа,0,0,0,0,0,0,0,1
NA,доказательств,0,0,0,0,0,0,0,1
NA,доктор,0,0,0,0,0,0,0,1
NA,доктрин,0,0,0,0,0,0,0,1
NA,долг,0,0,0,0,0,1,0,0
NA,долговечн,0,0,0,0,0,0,0,1
NA,должник,0,0,0,1,0,0,0,0
NA,должностное преступлен,0,0,1,0,0,0,0,0
NA,доллар,0,0,0,1,0,0,1,0
NA,домашнее задан,0,0,0,1,0,0,0,0
NA,доминир,0,0,0,1,0,0,0,0
NA,доминирова,1,0,0,1,0,0,0,0
NA,дон,0,0,0,0,0,0,0,1
NA,донос,1,0,1,1,0,0,0,0
NA,доплат,1,0,0,0,0,0,0,0
NA,дополня,0,1,0,0,1,0,1,1
NA,допрашива,0,0,0,1,0,0,0,0
NA,допрос,0,0,0,1,0,0,0,0
NA,допустим,0,0,0,0,0,0,0,1
NA,дорог,0,1,0,0,1,1,0,1
NA,досад,1,0,0,0,0,0,0,0
NA,доск,0,1,0,0,0,0,0,0
NA,доставк,0,1,0,0,0,0,0,0
NA,достига,0,0,0,0,1,0,0,1
NA,достижен,0,1,0,0,1,0,0,1
NA,достижим,0,1,0,0,0,0,0,0
NA,достоверн,0,0,0,0,0,0,0,1
NA,достоинств,0,0,0,0,0,0,0,1
NA,достойн,0,0,0,0,0,0,0,1
NA,достойный сожален,0,0,0,0,0,1,0,0
NA,доступн,0,0,0,0,1,0,0,0
NA,досуг,0,1,0,0,1,0,1,1
NA,доход,0,1,0,0,1,1,0,1
NA,доч,0,0,0,0,1,0,0,0
NA,драгоцен,0,1,0,0,1,0,1,0
NA,драгоценный камен,0,0,0,0,1,0,0,0
NA,дразн,1,1,0,1,0,1,0,0
NA,дразня,0,1,0,0,1,0,1,0
NA,драк,1,0,1,1,0,0,0,0
NA,дракон,0,0,0,1,0,0,0,0
NA,дрейфовать по течен,0,1,0,1,0,1,0,0
NA,дрож,1,1,0,1,0,1,0,0
NA,дрожа,0,0,0,1,0,0,0,0
NA,дроссел,1,0,0,0,0,0,0,0
NA,дротик,0,0,0,1,0,0,0,0
NA,друг,0,0,0,0,1,0,0,1
NA,дружб,0,0,0,0,1,0,0,1
NA,дружелюб,0,0,0,0,1,0,0,1
NA,дружелюбн,0,1,0,0,1,0,0,1
NA,дрябл,0,0,1,0,0,0,0,0
NA,дрян,1,0,1,0,0,0,0,0
NA,дряхл,0,0,0,1,0,1,0,0
NA,дурак,0,0,1,0,0,0,0,0
NA,дух,0,1,0,0,1,0,1,0
NA,дуэл,1,1,0,1,0,0,0,0
NA,дымя,1,0,0,0,0,0,0,0
NA,дьявол,1,1,1,1,0,1,0,0
NA,дьявольск,1,0,1,1,0,0,0,0
NA,дьякон,0,0,0,0,0,0,0,1
NA,евангел,0,0,0,0,0,0,0,1
NA,ед,0,0,0,0,1,0,0,1
NA,едва л,0,0,0,0,0,1,0,0
NA,единств,0,0,0,0,0,0,0,1
NA,епископск,0,0,0,0,0,0,0,1
NA,еретик,0,0,1,0,0,0,0,0
NA,жаб,0,0,1,0,0,0,0,0
NA,жадн,0,0,1,0,0,0,0,0
NA,жадност,1,0,1,0,0,0,0,0
NA,жажд,0,1,0,0,0,1,1,0
NA,жажда,0,1,0,0,0,0,0,0
NA,жаждущ,0,1,0,0,1,0,1,1
NA,жал,1,0,0,1,0,0,0,0
NA,жалк,0,0,1,0,0,1,0,0
NA,жалоб,1,0,0,0,0,0,0,0
NA,жалобн,0,0,0,0,0,1,0,0
NA,жалова,1,0,0,0,0,1,0,0
NA,жалост,0,0,0,0,0,1,0,0
NA,жар,1,0,0,1,0,0,0,0
NA,ждат,0,1,0,0,0,0,0,0
NA,ждит,0,1,0,0,0,0,0,0
NA,желаемое за действительн,0,1,0,0,0,0,0,0
NA,желан,0,0,0,0,0,1,0,0
NA,желательн,0,0,0,0,0,0,0,1
NA,желатин,0,0,1,0,0,0,0,0
NA,желоб,0,0,1,0,0,0,0,0
NA,желтух,0,0,0,1,0,0,0,0
NA,желудок,0,0,1,0,0,0,0,0
NA,желч,1,0,1,0,0,0,0,0
NA,жен,0,1,0,1,1,0,1,1
NA,жерех,0,0,0,1,0,0,0,0
NA,жертв,1,0,1,1,0,1,1,0
NA,жестк,0,0,0,0,0,1,0,0
NA,жесток,1,0,1,1,0,1,1,0
NA,жив,0,0,0,0,1,0,0,0
NA,живописн,0,0,0,0,1,0,0,0
NA,жизненная с,0,0,0,0,1,0,0,1
NA,жилец,0,0,0,0,0,0,0,1
NA,жирн,0,0,1,0,0,1,0,0
NA,журналистик,0,0,0,0,0,0,0,1
NA,жюр,0,0,0,0,0,0,0,1
NA,заб,1,0,1,1,0,1,1,0
NA,забастовк,1,0,0,0,0,0,0,0
NA,забвен,1,0,0,1,0,0,0,0
NA,заблудш,0,0,0,1,0,0,0,0
NA,заблужда,0,0,1,0,0,0,0,0
NA,заблужден,1,0,1,1,0,1,0,0
NA,заболеваем,1,0,1,1,0,1,0,0
NA,заботлив,0,0,0,0,0,0,0,1
NA,заброшен,1,0,1,1,0,1,0,0
NA,забыт,0,0,0,1,0,1,0,0
NA,заверен,0,0,0,0,0,0,0,1
NA,завершен,0,1,0,0,1,0,0,0
NA,завет,0,0,0,0,0,0,0,1
NA,завещан,0,1,0,0,0,0,0,1
NA,зависет,0,1,0,0,0,0,0,1
NA,зависим,0,0,0,1,0,1,0,1
NA,завод,0,0,0,0,0,1,0,0
NA,завоеван,1,0,0,1,0,0,0,0
NA,завтр,0,1,0,0,0,0,0,0
NA,завышенная ц,1,0,1,0,0,1,0,0
NA,загадк,0,0,0,0,0,0,1,0
NA,загадочн,0,0,0,1,0,0,0,0
NA,загвоздк,0,0,0,0,0,0,1,0
NA,заглав,0,0,0,0,0,0,0,1
NA,заговор,0,0,0,1,0,0,0,0
NA,заговорщик,1,1,1,1,0,0,0,0
NA,загрязнен,0,0,1,1,0,1,0,0
NA,загрязня,0,0,1,0,0,0,0,0
NA,задач,0,1,0,0,0,0,0,1
NA,задержива,1,1,1,1,0,1,0,0
NA,задумчив,0,0,0,0,0,1,0,0
NA,задуш,1,0,1,1,0,1,1,0
NA,задушен,1,0,0,1,0,1,0,0
NA,задых,0,0,0,1,0,0,0,0
NA,задыха,0,0,0,0,0,0,1,0
NA,зажигательн,1,0,0,1,0,0,1,0
NA,заземлен,0,0,0,1,0,1,0,0
NA,заинтересова,0,0,1,0,0,1,0,0
NA,закален,1,0,1,1,0,0,0,0
NA,закат солнц,0,1,0,0,0,0,0,0
NA,заключен,1,1,1,1,0,1,0,0
NA,заключение под страж,0,0,0,0,0,1,0,0
NA,заключенный в тюрьм,1,0,1,1,0,1,0,0
NA,закон,0,0,0,0,0,0,0,1
NA,законодател,0,0,0,0,0,0,0,1
NA,законодательный орга,0,0,0,0,0,0,0,1
NA,закрыт,0,1,0,0,1,1,0,0
NA,залог,0,0,0,0,1,0,0,1
NA,залогодател,0,0,0,1,0,0,0,0
NA,залогодержател,0,0,0,0,0,0,0,1
NA,заложник,1,0,0,1,0,0,0,0
NA,замаскирова,0,0,0,0,0,0,1,0
NA,заместител,0,0,0,0,0,0,0,1
NA,заметн,0,0,0,0,1,0,0,1
NA,замечан,0,0,0,1,0,0,0,0
NA,замечательн,0,0,0,0,1,0,1,1
NA,замкнут,1,0,1,1,0,1,0,0
NA,занимательн,0,0,0,0,1,0,0,0
NA,заниматься бокс,1,0,0,0,0,0,0,0
NA,занятие любов,0,0,0,0,1,0,0,1
NA,зап,1,0,1,0,0,0,0,0
NA,запор,0,0,1,0,0,0,0,0
NA,запрещ,1,0,1,1,0,1,0,0
NA,запреща,1,0,1,1,0,1,0,0
NA,запрещен,1,0,1,1,0,0,0,0
NA,запугива,0,0,0,1,0,0,0,0
NA,запугиван,1,0,0,1,0,0,0,0
NA,запуск,0,1,0,0,0,0,0,0
NA,запустен,0,0,0,1,0,1,0,0
NA,запута,1,0,1,1,0,1,0,0
NA,заработная плат,0,0,0,0,1,0,0,0
NA,заражен,0,1,1,1,0,0,0,0
NA,зараз,0,0,1,0,0,0,0,0
NA,заразительн,0,0,1,1,0,0,0,0
NA,заразн,0,0,1,1,0,1,0,0
NA,зарегистрирова,0,1,0,0,0,0,0,1
NA,зарожда,0,1,0,0,0,0,0,0
NA,зарплат,0,1,0,0,1,0,0,1
NA,засад,1,0,0,1,0,0,1,0
NA,заслужен,0,0,0,0,1,0,0,1
NA,заслужива,1,1,0,0,0,0,0,1
NA,заслуживающий довер,0,0,0,0,0,0,0,1
NA,застенчив,0,0,0,1,0,0,0,0
NA,застойн,0,0,0,0,0,1,0,0
NA,застрахова,0,0,0,0,0,0,0,1
NA,заступничеств,0,0,0,0,0,0,0,1
NA,засушлив,0,0,0,0,0,1,0,0
NA,затемнен,0,0,0,1,0,1,0,0
NA,затемня,0,0,0,1,0,1,0,0
NA,затиш,0,1,0,0,0,0,0,0
NA,затонул,0,0,1,1,0,1,0,0
NA,затруднительное положен,1,0,0,1,0,0,0,0
NA,затуманен,0,0,0,0,0,1,0,0
NA,затухан,0,0,0,0,0,1,0,0
NA,затхл,0,0,1,0,0,0,0,0
NA,затягива,1,0,0,0,0,0,0,0
NA,захват,0,0,0,1,0,0,0,0
NA,захватчик,1,0,0,1,0,1,0,0
NA,захватыва,0,1,0,1,1,0,1,0
NA,захватывающ,0,1,0,0,1,0,1,0
NA,захоронен,1,0,0,1,0,1,0,0
NA,зачарова,0,0,0,0,1,0,0,0
NA,защит,1,1,0,1,1,0,0,1
NA,защитник,0,0,0,0,0,0,0,1
NA,защища,0,0,0,1,0,0,0,1
NA,защищен,0,0,0,0,0,0,0,1
NA,заявител,0,1,0,0,0,0,0,0
NA,звезд,0,1,0,0,1,0,0,1
NA,звездн,0,1,0,0,1,0,0,0
NA,звер,1,0,0,1,0,0,0,0
NA,зверин,0,0,1,1,0,0,0,0
NA,зверск,1,0,1,0,0,0,0,0
NA,зверств,1,0,1,1,0,1,0,0
NA,звонк,0,1,0,0,1,0,0,1
NA,звонок,1,0,0,0,0,0,0,0
NA,здоров,0,0,0,0,1,0,0,0
NA,зева,0,0,0,0,0,0,1,0
NA,зелен,0,0,0,0,1,0,0,1
NA,земл,0,0,0,0,0,0,0,1
NA,земледел,0,0,0,0,0,0,0,1
NA,землетрясен,1,0,0,1,0,1,1,0
NA,земляк,0,0,0,0,0,0,0,1
NA,земляные работ,0,1,0,0,0,0,1,0
NA,зло,1,0,1,1,0,1,0,0
NA,злоб,1,0,1,1,0,0,0,0
NA,злобн,1,0,1,1,0,1,0,0
NA,зловещ,1,1,1,1,0,0,0,0
NA,злод,1,0,1,1,0,0,0,0
NA,злодейск,1,0,1,1,0,0,0,0
NA,злокачествен,1,0,0,1,0,1,0,0
NA,злонамерен,1,0,1,1,0,1,0,0
NA,злост,1,0,1,1,0,0,0,0
NA,злоупотребление служебным положен,1,0,0,0,0,0,0,0
NA,злоупотребля,1,0,1,1,0,1,0,0
NA,зме,0,0,1,1,0,0,0,0
NA,знакомств,0,1,0,0,1,0,0,1
NA,знаменит,1,1,1,0,1,0,1,1
NA,знаток,0,0,0,0,1,0,0,1
NA,значок,0,0,0,0,0,0,0,1
NA,золотое дн,0,0,0,0,1,0,0,0
NA,зрен,0,1,0,0,0,0,0,0
NA,зубная бол,0,0,0,1,0,0,0,0
NA,игнорир,0,0,1,0,0,0,0,0
NA,играть в азартные игр,0,1,0,0,0,0,1,0
NA,игрив,1,0,0,0,1,0,1,1
NA,идеальн,0,1,0,0,1,0,0,1
NA,идеологическая обработк,1,0,0,1,0,0,0,0
NA,идиот,0,0,1,0,0,0,0,0
NA,идиотизм,1,0,1,0,0,1,0,0
NA,идиотск,1,0,1,0,0,0,0,0
NA,идолопоклонств,0,0,1,1,0,0,0,0
NA,идт,0,0,1,0,0,0,0,0
NA,из-з,1,1,1,1,0,1,0,1
NA,избавлен,0,1,0,0,1,0,0,1
NA,избега,1,0,1,1,0,1,0,0
NA,избеган,0,0,0,1,0,0,0,0
NA,избиен,1,0,0,1,0,1,0,0
NA,избира,0,0,0,0,0,0,0,1
NA,избыток,0,1,1,0,1,0,0,1
NA,изверга,1,0,1,0,0,0,1,0
NA,извержен,1,0,0,1,0,0,1,0
NA,известн,1,0,1,1,0,0,0,0
NA,извива,0,0,1,0,0,0,0,0
NA,извиня,0,0,0,0,0,0,0,1
NA,извращен,1,0,1,0,0,1,0,0
NA,извращенец,1,0,1,0,0,0,0,0
NA,изг,0,0,1,1,0,1,0,0
NA,изгна,1,0,1,1,0,1,0,0
NA,изгнан,1,0,1,1,0,1,0,0
NA,изготовлен,0,0,0,0,0,0,0,1
NA,излечим,0,0,0,0,0,0,0,1
NA,изм,1,0,1,1,0,0,1,0
NA,измен,0,0,0,0,0,0,1,0
NA,изменчив,0,1,0,0,0,0,0,0
NA,изменя,1,0,1,0,0,0,0,0
NA,измерен,0,0,0,0,0,0,0,1
NA,изможден,0,0,0,0,0,1,0,0
NA,измучен,0,0,0,0,0,1,0,0
NA,изнасилован,1,0,1,1,0,1,0,0
NA,изношен,0,0,0,0,0,1,0,0
NA,изобил,0,0,1,0,1,0,0,0
NA,изолирова,0,0,0,1,0,1,0,0
NA,изоляц,0,0,0,0,0,1,0,1
NA,изречен,0,0,0,0,0,0,0,1
NA,изувечен,0,0,1,0,0,0,0,0
NA,изумительн,0,1,0,0,0,0,1,0
NA,изумлен,0,0,0,0,1,0,0,0
NA,изучен,0,1,0,0,0,0,0,0
NA,изыска,0,1,0,0,1,0,0,0
NA,изюминк,0,1,0,0,1,0,0,1
NA,ил,0,0,1,0,0,0,0,0
NA,иллюз,0,0,0,0,0,0,1,0
NA,иметь дел,0,1,0,0,1,0,1,1
NA,иммигрант,0,0,0,1,0,0,0,0
NA,иммунизац,0,0,0,0,0,0,0,1
NA,импичмент,0,0,1,1,0,0,0,0
NA,импотенц,1,0,0,1,0,1,0,0
NA,импровизац,0,0,0,0,0,0,1,0
NA,импровизирова,0,1,0,0,0,0,1,0
NA,импульс,0,1,0,0,0,0,0,0
NA,инаугурац,0,1,0,0,1,0,0,1
NA,инаугурацион,0,1,0,0,0,0,0,0
NA,инач,0,0,0,0,0,0,1,0
NA,инвалид,0,0,0,1,0,1,0,0
NA,инвалидн,0,0,0,0,0,1,0,0
NA,инволюц,1,0,0,0,0,0,0,0
NA,инкуб,0,0,1,1,0,0,0,0
NA,инопланетянин,0,0,1,1,0,0,0,0
NA,иностранец,0,0,0,1,0,0,0,0
NA,инстинктивн,1,0,1,1,0,0,0,0
NA,институт,0,0,0,0,0,0,0,1
NA,инструктирова,0,0,0,0,0,0,0,1
NA,инструктор,0,1,0,0,0,0,0,1
NA,инструкц,0,1,0,0,0,0,0,1
NA,инсульт,0,0,0,1,0,1,0,0
NA,интеллект,0,0,0,1,1,0,0,1
NA,интенсивн,1,0,1,1,1,0,1,1
NA,интер,0,0,0,0,0,1,0,0
NA,интервьюер,0,0,0,1,0,0,0,0
NA,интерьер,0,0,1,0,0,0,0,1
NA,интимн,0,1,0,1,1,0,0,1
NA,интриг,0,1,0,1,0,0,1,0
NA,интуитивн,0,1,0,0,0,0,0,0
NA,интуиц,0,0,0,0,0,0,0,1
NA,инфантильн,1,0,1,0,0,0,0,0
NA,инфаркт,0,0,0,1,0,0,1,0
NA,инфекционное заболеван,0,0,0,1,0,0,0,0
NA,инфляц,0,0,0,1,0,0,0,0
NA,инцест,1,0,1,1,0,1,0,0
NA,инцидент,0,0,0,0,0,0,1,0
NA,инъекц,0,0,0,1,0,0,0,0
NA,ипотек,0,0,0,1,0,0,0,0
NA,иррациональн,0,0,1,1,0,0,0,0
NA,иск,1,0,1,1,0,1,1,0
NA,искажен,1,0,1,0,0,0,0,0
NA,искалечен,0,0,0,0,0,1,0,0
NA,исключ,0,0,0,0,0,1,0,0
NA,исключа,1,0,0,0,0,0,0,0
NA,исключен,0,0,1,1,0,1,0,0
NA,исключительн,0,0,0,0,0,0,1,0
NA,искорен,1,0,0,0,0,0,0,0
NA,искоренен,1,0,1,1,0,0,0,0
NA,искрен,0,1,0,0,1,1,1,1
NA,искуп,0,1,0,0,1,0,0,1
NA,искусн,0,0,0,0,0,0,0,1
NA,искусств,0,1,0,0,1,1,1,0
NA,исполнен,1,1,0,1,1,1,0,1
NA,исполнител,0,0,0,0,0,0,0,1
NA,испорт,0,0,1,0,0,1,0,0
NA,испорчен,0,0,1,0,0,1,0,0
NA,исправл,0,0,0,0,0,0,0,1
NA,испуг,0,0,0,1,0,0,1,0
NA,испуга,0,0,0,1,0,1,1,0
NA,испытан,1,0,0,0,0,0,1,0
NA,испытательный срок,0,1,0,1,0,1,0,0
NA,исследова,0,1,0,0,0,0,0,0
NA,иссохш,0,0,1,0,0,0,0,0
NA,истека,0,0,0,0,0,1,0,0
NA,истер,0,0,0,1,0,0,0,0
NA,истеричн,1,0,0,1,0,0,0,0
NA,истец,1,0,1,0,0,0,0,0
NA,истин,0,0,0,0,1,0,0,1
NA,истощен,0,1,0,1,0,1,0,0
NA,истреб,0,0,0,1,0,1,0,0
NA,истреблен,1,0,0,1,0,0,0,0
NA,исчез,0,0,0,1,0,1,1,0
NA,исчезнут,0,0,0,0,0,0,1,0
NA,исчерпыва,0,0,0,0,0,0,0,1
NA,кабел,0,0,0,0,0,0,1,0
NA,кабинет,0,0,0,0,0,0,0,1
NA,казнач,0,0,0,0,0,0,0,1
NA,какой ужас,1,0,1,1,0,0,0,0
NA,какофон,1,0,1,0,0,0,0,0
NA,кал,0,0,1,0,0,0,0,0
NA,калек,0,0,0,1,0,1,0,0
NA,калеч,1,0,1,1,0,1,0,0
NA,калькулятор,0,0,0,0,0,0,0,1
NA,камба,0,0,0,1,0,1,0,0
NA,камен,1,0,0,0,0,0,0,0
NA,кампан,1,0,0,1,0,0,0,0
NA,камуфляж,0,0,0,0,0,0,1,0
NA,канализац,0,0,1,0,0,0,0,0
NA,кандал,1,1,1,1,0,1,0,0
NA,канниба,0,0,1,1,0,0,0,0
NA,каннибализм,0,0,1,0,0,0,0,0
NA,канон,0,0,0,0,0,0,0,1
NA,канцелярск,0,0,0,0,0,0,0,1
NA,канцлер,0,0,0,0,0,0,0,1
NA,капелла,0,0,0,0,0,0,0,1
NA,капитуляц,0,0,0,0,0,1,0,0
NA,капл,0,0,1,1,0,0,0,0
NA,капот,1,0,1,1,0,0,0,0
NA,каприз,0,1,0,0,1,0,1,0
NA,капризн,1,0,0,0,0,0,0,0
NA,карантин,0,0,0,1,0,0,0,0
NA,карательн,1,0,0,1,0,1,0,0
NA,кардиомиопат,0,0,0,1,0,1,0,0
NA,кариес,0,0,1,0,0,0,0,0
NA,карликов,0,0,0,1,0,1,0,0
NA,картридж,0,0,0,1,0,0,0,0
NA,карцер,0,0,0,1,0,1,0,0
NA,карцином,0,0,0,1,0,1,0,0
NA,карьер,0,1,0,0,0,0,0,0
NA,касс,0,0,0,0,0,0,0,1
NA,катаракт,0,1,0,1,0,1,0,0
NA,катастроф,1,0,1,1,0,1,1,0
NA,катастрофическ,1,0,0,1,0,1,0,0
NA,катафалк,0,0,0,1,0,1,0,0
NA,катехизис,0,0,1,0,0,0,0,0
NA,кафедральный собор,0,0,0,0,1,0,0,1
NA,кашел,0,0,1,0,0,0,0,0
NA,квалифицирова,0,0,0,0,0,0,0,1
NA,квест,0,1,0,0,0,0,0,0
NA,кейс,0,0,0,1,0,1,0,0
NA,керосин,0,0,0,1,0,0,0,0
NA,ки,0,1,0,0,0,0,0,0
NA,кинжа,0,0,0,1,0,0,0,0
NA,кипет,1,1,0,0,0,0,0,0
NA,кипя,0,1,0,0,0,0,0,0
NA,кипят,0,0,1,0,0,0,0,0
NA,кисл,0,0,1,0,0,0,0,0
NA,кист,0,0,0,1,0,1,0,0
NA,кистозн,0,0,1,0,0,0,0,0
NA,кишечн,0,0,1,0,0,0,0,0
NA,кишк,0,0,1,0,0,0,0,0
NA,кладбищ,0,0,0,1,0,1,0,0
NA,клан,0,0,0,0,0,0,0,1
NA,классик,0,0,0,0,1,0,0,0
NA,клевет,1,0,1,1,0,0,0,1
NA,клевета,1,0,1,0,0,0,0,0
NA,клеветническ,1,0,0,0,0,0,0,0
NA,клейм,1,0,1,1,0,1,0,0
NA,клетк,0,0,0,0,0,1,0,0
NA,клещ,0,0,1,0,0,0,0,0
NA,клизм,0,0,1,0,0,0,0,0
NA,клик,0,0,0,1,0,0,0,0
NA,клоун,0,1,0,0,1,0,1,0
NA,клык,0,0,0,1,0,0,0,0
NA,ключев,0,0,0,0,0,0,0,1
NA,кляп,0,0,1,0,0,0,0,0
NA,клятв,0,1,0,0,1,0,0,1
NA,княжеск,0,1,0,0,1,0,1,1
NA,кобр,0,0,0,1,0,0,0,0
NA,коварн,1,0,1,1,0,0,0,0
NA,когот,1,0,0,1,0,0,0,0
NA,когт,1,0,0,1,0,0,0,0
NA,козел отпущен,1,0,0,1,0,0,0,0
NA,козыр,0,0,0,0,0,0,1,0
NA,козырек,0,1,0,0,0,0,1,0
NA,койот,0,0,0,1,0,0,0,0
NA,кокаин,0,0,0,0,0,1,0,0
NA,колдова,0,1,0,0,0,0,1,0
NA,колдовств,1,1,0,1,0,1,1,0
NA,колеба,0,0,0,1,0,0,0,0
NA,колебан,1,0,0,1,0,0,0,0
NA,коллективн,0,0,0,0,0,0,0,1
NA,колча,0,0,0,1,0,0,0,0
NA,колыбел,0,1,0,0,1,0,0,1
NA,колюч,0,0,0,1,0,0,0,0
NA,колючк,1,0,0,0,0,0,0,0
NA,ком,0,0,0,1,0,1,0,0
NA,команд,0,0,0,0,0,0,0,1
NA,комар,1,0,1,0,0,0,0,0
NA,коматозн,0,0,0,1,0,1,0,0
NA,комбатант,1,0,0,1,0,0,0,0
NA,комендант,0,0,0,0,0,0,0,1
NA,комисс,0,0,0,0,0,0,0,1
NA,комитет,0,0,0,0,0,0,0,1
NA,комковат,0,0,1,0,0,0,0,0
NA,коммерц,0,0,0,0,0,0,0,1
NA,коммодор,0,0,0,0,0,0,0,1
NA,коммунизм,1,0,0,1,0,1,0,0
NA,коммуникац,0,0,0,0,0,0,0,1
NA,компактн,0,0,0,0,0,0,0,1
NA,компаньон,0,0,0,0,1,0,0,1
NA,компас,0,0,0,0,0,0,0,1
NA,компенсирова,0,1,0,0,1,0,1,1
NA,компетентн,0,0,0,0,0,0,0,1
NA,комплимент,0,1,0,0,1,0,1,1
NA,компост,0,0,1,0,0,0,0,0
NA,компресс,1,0,0,0,0,0,0,0
NA,комфорт,0,1,0,0,1,0,0,1
NA,конвергенц,0,1,0,0,0,0,0,0
NA,конгломерат,0,0,0,0,0,0,0,1
NA,конгресс,0,0,1,0,0,0,0,1
NA,конгрессм,0,0,0,0,0,0,0,1
NA,конгруэнтн,0,0,0,0,0,0,0,1
NA,конец свет,1,1,1,1,0,1,0,0
NA,конечн,0,0,0,0,0,0,0,1
NA,конкуренц,0,1,0,0,0,0,0,0
NA,консервант,0,1,0,0,1,0,1,1
NA,консорт,0,0,0,0,0,0,0,1
NA,констебл,0,0,0,0,0,0,0,1
NA,конституцион,0,0,0,0,0,0,0,1
NA,консул,0,0,0,0,0,0,0,1
NA,консультирова,0,0,0,0,0,0,0,1
NA,контингент,0,1,0,0,0,0,0,0
NA,контрабанд,1,0,1,1,0,0,0,0
NA,контрабандист,1,0,1,1,0,0,0,0
NA,контролер,0,0,0,0,0,0,0,1
NA,контрольный список,0,0,0,0,0,0,0,1
NA,конур,0,0,0,0,0,1,0,0
NA,конфессиональн,0,0,0,1,0,0,0,1
NA,конфиденциальн,0,0,0,0,0,0,0,1
NA,конфискац,0,0,0,1,0,1,0,0
NA,конфискова,1,0,0,0,0,1,0,0
NA,конфликт,1,0,0,1,0,1,0,0
NA,кончин,0,0,0,1,0,1,0,0
NA,кооперат,0,0,0,0,0,0,0,1
NA,коп,1,1,0,1,0,0,0,0
NA,кор,0,0,1,1,0,1,0,0
NA,кораблекрушен,0,0,0,1,0,1,0,0
NA,коренная пород,0,0,0,0,0,0,0,1
NA,коронац,0,0,0,0,1,0,0,1
NA,корпорац,0,0,0,0,0,0,0,1
NA,коррозион,0,0,0,1,0,0,0,0
NA,коррупц,0,0,1,0,0,0,0,0
NA,корс,0,0,0,0,0,1,0,0
NA,корт,1,1,0,1,0,0,0,0
NA,косая черт,1,0,0,0,0,0,0,0
NA,космопол,0,0,0,0,0,0,0,1
NA,кост,0,1,0,0,0,0,0,0
NA,костный мозг,0,0,0,0,1,0,0,1
NA,котенок,0,0,0,0,1,0,0,1
NA,кошмар,0,0,0,1,0,0,0,0
NA,крадет,0,1,0,1,0,0,0,1
NA,краж,1,0,1,1,0,1,0,0
NA,крапив,1,0,1,0,0,0,0,0
NA,красив,0,0,0,0,1,0,0,0
NA,красот,0,0,0,0,1,0,0,0
NA,краст,1,0,0,1,0,0,1,0
NA,крах,0,0,1,1,0,1,0,0
NA,кред,0,0,0,0,0,0,0,1
NA,кредитор,0,0,0,0,0,0,0,1
NA,кремац,0,0,0,0,0,1,0,0
NA,крепост,0,0,0,1,0,1,0,1
NA,крестильн,0,0,0,0,1,0,0,0
NA,крестовый поход,1,0,0,1,0,0,0,0
NA,крещенд,0,1,0,0,1,0,1,1
NA,крик,1,0,1,1,0,0,1,0
NA,критик,1,0,0,0,0,1,0,0
NA,критикова,1,0,1,1,0,1,0,0
NA,крича,1,0,1,1,0,0,1,0
NA,кров,1,0,1,1,0,1,0,0
NA,кровав,1,0,1,1,0,1,0,0
NA,кровожадн,1,0,1,1,0,0,0,0
NA,кровопролит,1,0,1,1,0,1,1,0
NA,кровосмесительн,0,0,1,0,0,0,0,0
NA,кровотечен,0,0,1,1,0,1,0,0
NA,крокод,0,0,0,1,0,0,0,0
NA,кротк,0,0,0,0,0,1,0,0
NA,кружев,1,0,0,1,0,1,0,1
NA,кружк,1,0,0,1,0,1,0,0
NA,крушен,1,0,1,1,0,1,1,0
NA,крыл,0,0,0,0,0,0,0,1
NA,крыс,0,0,1,1,0,0,0,0
NA,крышк,0,1,0,0,0,0,0,1
NA,ксенофоб,0,0,0,1,0,0,0,0
NA,куб,0,0,0,0,0,0,0,1
NA,кузнец,0,0,0,0,0,0,0,1
NA,кукл,0,0,0,0,1,0,0,0
NA,кулинарн,0,0,0,0,0,0,0,1
NA,кульминац,0,1,0,0,1,0,1,1
NA,культ,0,0,0,1,0,0,0,0
NA,культивирова,0,1,0,0,0,0,0,1
NA,кумовств,1,0,1,0,0,1,0,0
NA,купирован,0,0,1,1,0,1,0,0
NA,курга,0,0,1,0,0,0,0,0
NA,куриц,0,0,0,1,0,0,0,0
NA,курьер,0,0,0,0,0,0,0,1
NA,курятник,1,0,1,0,0,0,0,0
NA,кэрол,0,0,0,0,1,0,0,1
NA,лабиринт,0,1,0,0,0,0,0,0
NA,лав,1,0,0,1,0,0,0,0
NA,лавин,0,0,0,1,0,1,1,0
NA,лавочник,0,0,0,0,0,0,0,1
NA,лавр,0,0,0,0,1,0,0,0
NA,лад,1,0,1,0,0,0,0,0
NA,лазер,0,0,0,0,0,0,0,1
NA,ларек,0,0,1,0,0,0,0,0
NA,ластовиц,0,0,0,0,0,0,0,1
NA,лауреат,0,0,0,0,0,0,0,1
NA,лачуг,0,0,1,0,0,1,0,0
NA,лая,1,0,0,0,0,0,0,0
NA,лев,0,0,0,1,0,0,0,0
NA,легитимн,0,0,0,0,0,0,0,1
NA,легкомыслен,1,0,1,0,0,0,0,0
NA,лейкем,1,0,0,1,0,1,0,0
NA,лейтенант,0,0,0,0,0,0,0,1
NA,лен,0,0,1,0,0,0,0,0
NA,лент,1,1,0,0,1,0,0,0
NA,лесной пожар,0,0,0,1,0,1,1,0
NA,лестн,0,0,0,0,1,0,0,0
NA,лета,0,0,0,1,0,0,0,0
NA,леч,0,0,0,0,1,0,0,1
NA,лжесвидетельств,0,0,0,1,0,0,1,0
NA,лжец,0,0,1,0,0,0,0,0
NA,лжив,0,0,1,0,0,1,0,0
NA,лидер,0,0,0,0,0,0,0,1
NA,лиза,0,0,1,0,0,0,0,0
NA,лик,0,0,0,0,1,0,1,1
NA,ликер,1,0,0,0,1,1,0,0
NA,ликован,0,0,0,0,1,0,0,0
NA,лимон,0,0,1,0,0,0,0,0
NA,лин,0,0,0,1,0,0,0,0
NA,лингвист,0,0,0,0,0,0,0,1
NA,линчева,1,0,1,1,0,1,0,0
NA,липк,0,0,1,0,0,0,0,0
NA,лир,0,0,0,0,1,0,0,0
NA,лирическ,0,0,0,0,1,0,0,0
NA,литерн,0,1,0,0,0,0,0,1
NA,лицемер,0,0,1,0,0,0,0,0
NA,лицемерн,0,0,1,0,0,0,0,0
NA,личинк,0,0,1,0,0,0,0,0
NA,личн,0,0,0,0,0,0,0,1
NA,лишен,1,0,1,1,0,1,0,0
NA,лишить права выкуп,0,0,0,1,0,1,0,0
NA,лов,0,0,0,0,0,0,1,0
NA,ловушк,1,0,1,1,0,1,1,0
NA,лож,1,0,1,0,0,1,0,1
NA,ложн,1,0,1,0,0,0,0,0
NA,локализова,0,1,0,0,0,0,0,0
NA,локот,1,0,0,0,0,0,0,0
NA,лома,0,0,0,0,0,0,1,0
NA,лотере,0,1,0,0,0,0,0,0
NA,лох,1,0,0,0,0,0,0,0
NA,лошад,0,0,0,0,0,0,0,1
NA,луч,0,0,0,0,1,0,0,0
NA,любим,0,0,0,0,1,0,0,1
NA,любов,0,1,0,0,1,0,0,1
NA,любовник,0,1,0,0,1,0,0,1
NA,любопытств,0,1,0,0,0,0,1,0
NA,любя,0,0,0,0,1,0,0,1
NA,людоед,0,0,1,1,0,0,0,0
NA,мавзол,0,0,0,0,0,1,0,0
NA,маг,0,0,0,1,0,0,0,0
NA,магазинная краж,1,0,1,0,0,0,0,0
NA,магн,0,0,0,0,0,0,0,1
NA,мазохизм,1,0,1,1,0,0,0,0
NA,макс,0,0,0,0,0,0,0,1
NA,малооплачива,1,0,0,0,0,1,0,0
NA,малыш,0,0,0,0,1,0,0,0
NA,маляр,0,0,1,1,0,1,0,0
NA,мам,0,0,0,1,0,0,0,1
NA,мандамус,0,0,0,1,0,0,0,0
NA,мандарин,0,0,0,0,0,0,0,1
NA,манипуляц,1,0,0,1,0,0,0,0
NA,маньяк,1,0,0,1,0,0,0,0
NA,марша,0,0,0,0,0,0,0,1
NA,масс,0,1,1,1,1,1,1,1
NA,массаж,0,0,0,0,1,0,0,0
NA,мастерств,1,1,0,0,1,0,1,1
NA,мат,0,1,0,0,1,1,0,1
NA,математическ,0,0,0,0,0,0,0,1
NA,материалист,0,0,1,0,0,0,0,0
NA,материнск,0,1,0,0,0,0,0,0
NA,материнств,0,0,0,0,1,0,0,1
NA,маф,0,0,0,1,0,0,0,0
NA,машин,0,0,0,0,0,0,0,1
NA,медал,0,1,0,0,1,0,1,1
NA,медвед,1,0,0,1,0,0,0,0
NA,медвеж,1,0,0,1,0,0,0,0
NA,медитирова,0,1,0,0,1,0,0,1
NA,медицинск,0,1,0,1,0,0,0,1
NA,медовый месяц,0,1,0,0,1,0,1,1
NA,медсестр,0,0,0,0,0,0,0,1
NA,меланхол,0,0,0,0,0,1,0,0
NA,меланхоличн,0,0,0,0,0,1,0,0
NA,мелодрам,1,0,0,0,0,1,0,0
NA,мельниц,0,1,0,0,0,0,0,0
NA,мемориал,0,0,0,0,0,1,0,0
NA,меньш,0,0,1,0,0,0,0,0
NA,мер,0,0,0,0,0,0,0,1
NA,мерзост,1,0,1,1,0,0,0,0
NA,мертворожден,0,0,0,0,0,1,0,0
NA,мерцан,0,1,0,0,1,0,1,0
NA,мест,1,1,0,1,0,0,1,0
NA,место рожден,1,0,0,0,0,0,0,0
NA,метеоризм,0,0,1,0,0,0,0,0
NA,мех,1,0,0,0,0,0,0,0
NA,мечтательн,0,0,0,0,1,0,0,1
NA,меша,0,0,0,0,0,0,1,0
NA,микроскоп,0,0,0,0,0,0,0,1
NA,мил,0,0,0,0,1,0,0,1
NA,милиц,1,0,0,1,0,1,0,0
NA,мимикр,0,0,0,0,0,0,1,0
NA,мимолетн,0,0,0,0,0,1,1,0
NA,министерств,0,0,0,0,1,0,0,1
NA,мир,0,1,0,0,1,0,0,1
NA,мирн,0,1,0,0,1,0,1,1
NA,мистик,0,0,0,0,0,0,1,0
NA,мишур,0,0,0,0,1,0,0,0
NA,младенец,0,1,0,1,1,0,1,0
NA,многолетн,0,0,0,0,0,0,0,1
NA,мобильн,0,1,0,0,0,0,0,0
NA,мог,0,0,0,1,0,1,0,0
NA,могуществен,1,0,0,1,1,0,0,1
NA,модератор,0,0,0,0,0,0,0,1
NA,мокрот,0,0,1,0,0,0,0,0
NA,мол,0,1,0,1,1,0,1,1
NA,молн,1,0,0,1,0,0,1,0
NA,молодеж,1,1,0,1,1,0,1,0
NA,молот,1,0,0,1,0,1,0,0
NA,мольб,0,1,0,1,0,1,0,1
NA,мон,0,0,0,0,0,0,0,1
NA,монастыр,0,0,0,0,0,0,0,1
NA,монахин,0,0,0,0,0,0,0,1
NA,моногам,0,0,0,0,0,0,0,1
NA,монохромн,0,0,1,0,0,0,0,0
NA,монстр,0,0,0,1,0,0,0,0
NA,мор,0,0,1,1,0,0,0,0
NA,морал,1,1,1,0,1,0,1,1
NA,моральн,1,0,0,0,0,0,0,1
NA,морг,0,0,1,1,0,1,0,0
NA,морд,0,0,0,1,0,0,0,0
NA,морск,0,0,0,0,0,0,0,1
NA,морщинист,0,0,0,0,0,1,0,0
NA,мошенник,0,0,1,0,0,0,0,0
NA,мошенническ,1,0,1,0,0,0,0,0
NA,мошенничеств,1,0,0,0,0,0,0,0
NA,мощн,1,1,1,1,1,0,0,1
NA,мрак,0,0,0,0,0,1,0,0
NA,мрачн,1,1,1,1,0,1,0,0
NA,мстител,1,0,0,0,0,0,0,0
NA,мстительн,1,0,1,1,0,0,0,0
NA,мудак,1,0,1,0,0,0,0,0
NA,мудрец,0,0,0,0,0,0,0,1
NA,мудрост,0,0,0,0,0,0,0,1
NA,музык,0,0,0,0,1,1,0,0
NA,музыкальн,1,1,0,0,1,1,1,1
NA,мул,1,0,0,0,0,0,0,1
NA,мурлыка,0,0,0,0,1,0,0,1
NA,мусор,0,0,1,0,0,1,0,0
NA,мутн,0,0,1,0,0,1,0,0
NA,муфт,1,0,1,0,0,0,0,0
NA,муч,1,0,0,1,0,1,0,0
NA,мученик,0,0,0,1,0,1,0,0
NA,мученичеств,0,0,0,1,0,1,0,0
NA,мучительн,0,0,0,1,0,0,0,0
NA,мушкет,0,0,0,1,0,0,0,0
NA,мысл,0,1,0,0,0,0,0,0
NA,мышьяк,0,0,1,1,0,1,0,0
NA,мякин,1,0,0,1,0,0,0,0
NA,мясник,1,0,1,1,0,0,0,0
NA,мятеж,1,0,1,1,0,1,1,0
NA,набег,1,0,0,0,0,0,0,0
NA,наблюден,0,0,0,1,0,0,0,0
NA,набожн,0,1,0,0,1,0,0,1
NA,навигатор,0,1,0,0,0,0,0,1
NA,наводнен,0,0,0,1,0,0,0,0
NA,навоз,0,0,1,0,0,0,0,0
NA,навязчив,1,0,1,1,0,0,1,0
NA,нагл,1,0,0,0,0,0,0,0
NA,наград,0,1,0,0,1,0,1,1
NA,надвига,0,1,0,1,0,0,0,0
NA,надежн,0,1,0,0,1,0,0,1
NA,наделя,0,0,0,0,0,0,0,1
NA,надея,0,1,0,0,1,0,1,1
NA,надзирател,1,0,0,1,0,0,0,1
NA,надзирательниц,0,0,0,0,0,0,0,1
NA,надмен,1,0,0,0,0,0,0,0
NA,надоеда,1,0,0,0,0,1,0,0
NA,наемник,0,0,0,1,0,0,0,0
NA,назад,0,0,1,0,0,0,0,0
NA,назидан,0,1,0,0,1,0,0,1
NA,назначен,0,1,0,1,1,1,1,0
NA,наибольш,0,1,0,1,1,0,1,0
NA,найден,0,0,0,0,1,0,0,1
NA,наказа,1,1,1,1,0,1,0,0
NA,наказан,1,0,1,1,0,1,0,0
NA,наказыва,0,0,0,1,0,0,0,0
NA,наклоня,0,0,0,0,0,0,0,1
NA,наличн,1,1,0,1,1,0,0,1
NA,налог,0,0,0,0,0,1,0,0
NA,намерева,0,1,0,0,0,0,0,1
NA,нанима,0,0,0,0,0,0,0,1
NA,наносить удар,1,0,0,1,0,1,1,0
NA,наносить ущерб,1,0,1,0,0,1,0,0
NA,напада,1,0,0,1,0,1,1,0
NA,наполня,0,0,0,0,0,0,0,1
NA,напрасно трат,0,0,1,0,0,0,0,0
NA,напряжен,1,0,0,0,0,0,0,0
NA,напуга,1,1,0,1,0,0,1,0
NA,напыщен,0,0,1,0,0,0,0,0
NA,нарушен,1,0,0,1,0,1,1,0
NA,нарушител,1,0,0,1,0,0,1,0
NA,насил,1,0,0,1,0,1,0,0
NA,наслажд,0,1,0,0,1,0,0,1
NA,наслажда,0,1,0,0,1,0,0,1
NA,наследован,0,1,0,0,1,0,1,1
NA,наследств,0,0,0,0,0,0,0,1
NA,насмеха,1,0,1,0,0,0,0,0
NA,насмешк,1,0,1,0,0,1,0,0
NA,насмешлив,1,0,1,0,0,1,0,0
NA,наставник,0,0,0,0,0,0,0,1
NA,настоя,0,0,0,0,0,0,0,1
NA,насыщен,0,0,1,0,0,0,0,0
NA,научн,0,0,0,0,0,0,0,1
NA,находк,0,0,0,0,1,0,1,0
NA,находящихся под угрозой исчезновен,0,0,0,1,0,0,0,0
NA,нац,0,0,0,0,0,0,0,1
NA,нача,0,1,0,0,0,0,0,0
NA,нащупыва,1,0,1,1,0,0,0,0
NA,не будет,0,1,0,0,0,0,0,0
NA,не люб,1,0,0,0,0,1,0,0
NA,не нрав,1,0,1,0,0,0,0,0
NA,не одобр,1,0,0,0,0,1,0,0
NA,не одобря,1,0,1,1,0,1,0,0
NA,не подчиня,1,0,1,0,0,0,0,0
NA,не соглас,1,0,0,0,0,0,0,0
NA,неадекватн,0,0,0,0,0,1,0,0
NA,небезопасн,0,0,0,1,0,0,0,0
NA,небес,0,0,0,0,1,0,0,1
NA,небесн,0,1,0,0,1,0,0,1
NA,неблагодарн,1,0,1,0,0,0,0,0
NA,неблагоприятн,1,0,1,1,0,1,0,0
NA,небрежн,1,0,1,0,0,0,0,0
NA,неважн,0,0,0,0,0,1,0,0
NA,невежествен,0,0,1,0,0,0,0,0
NA,невежлив,0,0,1,0,0,0,0,0
NA,неверн,1,0,1,1,0,1,0,0
NA,невест,0,1,0,0,1,0,0,1
NA,невзгод,1,0,1,1,0,1,0,0
NA,невиновн,0,0,0,0,0,0,0,1
NA,невнимательн,1,0,1,0,0,1,0,0
NA,невозможн,0,0,0,0,0,1,0,0
NA,невообразим,0,0,0,0,0,0,1,0
NA,невралг,0,0,0,1,0,1,0,0
NA,невроз,0,0,0,1,0,1,0,0
NA,невротик,0,0,1,1,0,0,0,0
NA,невыносим,1,0,1,0,0,1,0,0
NA,невыполнен,1,1,0,0,0,1,1,0
NA,невыразим,0,1,0,1,0,0,0,0
NA,негодован,1,0,1,0,0,1,0,0
NA,негодя,1,0,1,1,0,1,0,1
NA,негостеприимн,0,0,0,0,0,1,0,0
NA,негр,0,0,0,0,0,1,0,0
NA,неграмотн,0,0,1,0,0,0,0,0
NA,недвусмыслен,0,0,0,0,0,0,0,1
NA,недейств,1,0,0,0,0,0,0,0
NA,неделим,0,0,0,0,0,0,0,1
NA,недержание моч,0,0,0,0,0,0,1,0
NA,недобр,1,0,1,1,0,1,0,0
NA,недобросовестн,0,0,1,0,0,0,0,0
NA,недовер,1,0,1,1,0,0,0,0
NA,недоверчив,1,0,1,0,0,0,0,0
NA,недовол,1,0,1,1,0,1,0,0
NA,недовольн,1,0,1,0,0,1,0,0
NA,недовольств,1,0,1,1,0,1,0,0
NA,недомоган,0,0,0,0,0,1,0,0
NA,недооценива,0,0,0,0,0,0,1,0
NA,недопустим,1,0,1,0,0,0,0,0
NA,недостаток,0,0,0,0,0,1,0,0
NA,недостаточн,1,0,0,0,0,0,0,0
NA,недостижим,1,0,0,0,0,1,0,0
NA,недостойн,0,0,1,0,0,0,0,0
NA,недоуздок,1,0,0,1,0,1,0,0
NA,недоумен,0,0,0,1,0,1,1,0
NA,недружелюбн,1,0,1,1,0,1,0,0
NA,неестествен,0,0,1,1,0,0,0,0
NA,нежелательн,1,0,1,1,0,1,0,0
NA,нежност,0,0,0,0,1,0,0,0
NA,независим,0,1,0,0,1,0,1,1
NA,незаинтересова,0,0,0,0,0,1,0,0
NA,незакон,1,0,1,1,0,1,0,0
NA,незаконнорожден,1,0,1,1,0,1,1,0
NA,незащищен,0,0,0,1,0,0,0,0
NA,незван,0,0,0,0,0,1,0,0
NA,нездоров,0,0,1,1,0,1,0,0
NA,незнакомец,0,0,0,1,0,0,0,0
NA,незначительн,1,0,0,0,0,1,0,0
NA,незрел,1,1,0,0,0,0,0,0
NA,неизбежн,0,1,0,1,0,0,0,0
NA,неизвестн,0,1,0,1,0,0,1,0
NA,неизгладим,0,0,0,0,0,0,0,1
NA,неизлечим,1,0,1,1,0,1,0,0
NA,неимущ,0,0,0,0,0,1,0,0
NA,неинтересн,0,0,0,0,0,1,0,0
NA,неискрен,0,0,1,0,0,0,0,0
NA,неистов,1,0,0,1,0,0,1,0
NA,неистовств,1,0,0,1,0,0,0,0
NA,нейтралитет,0,0,0,0,0,0,0,1
NA,нейтральн,0,1,0,0,0,0,0,1
NA,некомпетентн,1,0,0,0,0,1,0,0
NA,некролог,0,0,0,0,0,1,1,0
NA,нелеп,1,0,1,0,0,0,0,0
NA,неловк,0,0,1,0,0,0,0,0
NA,немедлен,0,1,0,0,0,0,0,0
NA,немощ,0,0,0,1,0,0,0,0
NA,немыслим,1,0,1,1,0,0,0,0
NA,немыт,0,0,1,0,0,0,0,0
NA,ненавидет,1,0,1,1,0,1,0,0
NA,ненавидя,1,0,0,0,0,0,0,0
NA,ненавиж,1,0,1,0,0,0,0,0
NA,ненавист,1,0,1,1,0,1,0,0
NA,ненавистн,1,0,1,1,0,1,0,0
NA,ненадежн,1,0,0,1,0,1,0,1
NA,ненормальн,1,0,1,1,0,0,0,0
NA,ненормативная лексик,1,0,0,0,0,0,0,0
NA,необразова,0,0,0,0,0,1,0,0
NA,необузда,1,1,0,1,0,0,1,0
NA,необходим,0,0,0,0,0,1,0,0
NA,необъясним,0,1,1,0,0,1,1,1
NA,неограничен,0,0,0,0,1,0,0,0
NA,неодобрен,0,0,0,0,0,1,0,0
NA,неодобрительн,1,0,1,0,0,1,0,0
NA,неожида,0,0,0,0,0,0,1,0
NA,неоплачен,1,0,0,0,0,1,0,0
NA,неоправда,1,0,1,1,0,0,0,0
NA,неопредел,0,1,0,1,0,0,0,0
NA,неопровержим,0,0,0,0,0,0,0,1
NA,неопрятн,0,0,1,0,0,0,0,0
NA,неопубликова,0,1,0,0,0,1,0,0
NA,неосторожн,0,0,0,0,0,1,0,0
NA,неоткрыт,0,0,0,0,0,0,1,0
NA,неохраня,0,0,0,0,0,0,1,0
NA,неплатежеспособн,0,0,0,1,0,1,1,1
NA,непобедим,0,1,0,0,1,1,1,0
NA,неповиновен,1,0,1,1,0,0,0,0
NA,непогрешим,0,0,0,0,0,0,0,1
NA,неподатлив,1,0,0,0,0,0,0,0
NA,неподвижн,0,0,0,1,0,1,0,1
NA,неподража,0,0,0,0,0,0,0,1
NA,непоколебим,0,0,0,0,0,0,0,1
NA,непокорн,1,0,1,0,0,0,0,0
NA,непониман,1,0,0,0,0,1,0,0
NA,непоправим,0,0,0,1,0,1,0,0
NA,непопулярн,0,0,1,0,0,1,0,0
NA,непослушан,1,0,1,0,0,0,0,0
NA,непослушн,1,0,1,1,0,0,0,0
NA,непосредствен,0,0,0,0,0,0,1,0
NA,неправомерн,1,0,1,0,0,1,0,0
NA,непревзойден,0,1,0,1,1,0,0,1
NA,непредвиден,0,1,0,1,1,0,1,0
NA,непреднамерен,0,0,0,0,0,0,1,0
NA,непредсказуем,0,0,0,0,0,0,1,0
NA,непредумышленное убийств,1,0,1,1,0,1,1,0
NA,непреодолим,0,0,0,1,0,1,0,0
NA,непрерывн,0,1,0,0,0,0,0,1
NA,непривлекательн,0,0,1,0,0,1,0,0
NA,неприглядн,0,0,1,0,0,0,0,0
NA,неприемлем,0,0,0,0,0,1,0,0
NA,непризна,0,0,0,0,0,1,0,0
NA,неприличн,1,0,1,0,0,1,0,0
NA,непримирим,1,0,0,1,0,1,0,0
NA,непристойн,1,0,1,0,0,0,0,0
NA,неприятн,1,0,1,0,0,1,0,0
NA,непроверен,0,1,0,0,0,0,0,0
NA,непроница,1,0,0,1,0,0,0,1
NA,непростительн,1,0,1,0,0,1,0,0
NA,неравенств,1,0,0,1,0,1,0,0
NA,неравн,1,0,1,1,0,1,0,0
NA,неразлучн,0,0,0,0,1,0,0,1
NA,нераскрыт,0,1,0,0,0,0,0,0
NA,нервн,0,1,0,1,0,0,0,0
NA,нервозн,0,0,0,1,0,0,0,0
NA,нерешен,0,1,0,0,0,0,0,0
NA,нерушим,0,0,0,0,0,0,0,1
NA,несимпатичн,1,0,0,0,0,0,0,0
NA,несмотр,1,0,0,0,0,0,0,0
NA,несоблюден,1,1,0,1,0,1,0,0
NA,несовместим,1,0,1,0,0,1,0,0
NA,несоглас,1,0,0,0,0,1,0,0
NA,несомнен,0,1,1,0,0,0,0,1
NA,несоответств,1,0,1,0,0,1,0,0
NA,несосредоточен,1,0,0,0,0,0,0,0
NA,неспособн,0,0,0,0,0,1,0,0
NA,несправедлив,1,0,1,0,0,1,0,0
NA,нестабильн,0,0,1,1,0,0,1,0
NA,несуществ,0,0,0,0,0,1,0,0
NA,несуществен,0,0,0,0,0,1,0,0
NA,несчаст,1,0,1,1,0,1,0,0
NA,несчастлив,1,0,1,1,0,1,0,0
NA,несчастн,1,0,1,0,0,1,0,0
NA,несчастный случа,0,0,0,1,0,1,1,0
NA,нетерпелив,0,1,0,0,0,0,0,0
NA,нетерпим,1,0,1,1,0,1,0,0
NA,нетронут,0,0,0,0,0,0,0,1
NA,неуважен,1,0,0,0,0,0,0,0
NA,неуважительн,1,0,1,1,0,1,0,0
NA,неуверен,1,0,1,1,0,0,1,0
NA,неудач,0,0,1,1,0,1,1,0
NA,неудачн,0,0,0,0,0,1,0,0
NA,неудобн,1,0,1,0,0,1,0,0
NA,неудовлетворен,0,0,1,0,0,1,0,0
NA,неудовлетворительн,0,0,1,0,0,0,0,0
NA,неудовольств,0,0,1,0,0,0,0,0
NA,неуклюж,0,0,1,0,0,0,0,0
NA,неукротим,0,0,0,1,0,0,0,0
NA,неуловим,0,0,0,0,0,0,1,0
NA,неумел,1,0,1,1,0,1,0,0
NA,неуместн,1,0,1,0,0,0,0,0
NA,неумолим,1,0,0,0,0,1,0,0
NA,неуправля,1,1,1,0,0,0,1,0
NA,неустойк,1,0,0,0,0,1,0,0
NA,неустойчив,0,0,0,1,0,0,1,0
NA,неустроен,1,0,1,1,0,0,0,0
NA,нефт,0,0,1,0,0,0,0,0
NA,нехватк,1,0,0,1,0,1,0,0
NA,нечаст,0,0,0,0,0,0,1,0
NA,нечестив,1,0,0,1,0,1,0,0
NA,нечестн,1,0,1,0,0,1,0,0
NA,нечист,0,0,1,0,0,0,0,0
NA,неэффективн,0,0,1,0,0,1,0,0
NA,ниж,0,0,0,0,0,1,0,0
NA,нижн,1,0,0,1,0,1,0,0
NA,низш,0,0,0,0,0,1,0,0
NA,никотин,0,0,1,0,0,0,0,0
NA,ниспроверга,0,0,1,1,0,1,0,0
NA,ничего не подозрева,0,0,0,0,0,0,1,0
NA,ничт,0,0,0,0,0,1,0,0
NA,нищ,0,0,0,0,0,1,0,0
NA,новичок,0,0,0,1,0,0,1,0
NA,новобранц,0,0,0,0,0,0,0,1
NA,ног,1,0,0,0,0,0,0,0
NA,нос,0,0,1,0,0,0,0,1
NA,носилк,0,0,0,1,0,1,0,0
NA,нотариус,0,0,0,0,0,0,0,1
NA,ночлег,0,0,0,0,0,0,0,1
NA,ноющ,0,0,0,0,0,1,0,0
NA,нян,0,0,0,0,0,0,0,1
NA,оазис,0,1,0,0,1,0,0,1
NA,об,0,0,1,1,0,0,0,0
NA,обвинен,1,0,1,1,0,1,0,0
NA,обвинител,1,0,0,1,0,0,0,0
NA,обвинительный акт,0,0,0,1,0,0,0,0
NA,обвиня,1,0,1,1,0,0,0,0
NA,обездолен,1,0,0,1,0,1,0,0
NA,обезображен,1,0,1,1,0,1,0,0
NA,обезумевш,0,0,0,0,0,1,0,0
NA,обескураж,0,0,0,1,0,1,0,0
NA,обескуражен,0,0,0,0,0,1,0,0
NA,обескуражива,0,0,0,0,0,1,0,0
NA,обеспечен,0,1,0,0,1,0,0,1
NA,обеспечивать соблюден,1,0,0,1,0,0,0,0
NA,обеспокоен,0,0,0,1,0,1,0,0
NA,обесцвечен,0,0,1,0,0,1,0,0
NA,обесцвечиван,0,0,1,0,0,0,0,0
NA,обесцен,1,0,1,1,0,1,0,0
NA,обесценива,1,0,1,0,0,0,0,0
NA,обет,0,0,0,0,0,0,0,1
NA,обеща,0,0,0,0,1,0,0,1
NA,обжорств,0,0,1,0,0,0,0,0
NA,обид,1,0,1,0,0,1,0,0
NA,обидет,1,0,1,0,0,0,0,0
NA,обидн,1,0,1,1,0,1,0,0
NA,обидчив,1,0,0,0,0,1,0,0
NA,обижен,1,0,0,0,0,1,0,0
NA,обильн,0,1,0,0,1,0,0,0
NA,обл,1,0,1,0,0,0,0,0
NA,облажа,1,0,0,0,0,0,0,0
NA,облачн,0,0,0,1,0,1,0,0
NA,облигац,0,1,0,0,0,0,0,0
NA,обличительная реч,1,0,1,0,0,0,0,0
NA,обломк,0,0,1,0,0,0,0,0
NA,обм,0,0,0,0,0,0,0,1
NA,обма,1,0,1,1,0,1,1,1
NA,обманут,1,0,0,0,0,0,0,0
NA,обманыва,1,0,1,0,0,1,1,0
NA,обморок,0,0,0,1,0,1,1,0
NA,обнадежива,0,1,0,0,1,0,1,1
NA,обнима,0,0,0,0,1,0,0,1
NA,обожа,0,1,0,0,1,0,0,1
NA,обожан,0,0,0,0,1,0,0,1
NA,обозначен,0,0,0,0,0,0,0,1
NA,оболочк,1,0,0,1,0,1,1,0
NA,обонян,0,0,1,0,0,0,0,0
NA,обонятельн,0,1,0,0,0,0,0,0
NA,обоснова,0,0,0,0,0,0,0,1
NA,обострен,1,0,1,1,0,0,0,0
NA,обостря,1,0,0,0,0,0,0,0
NA,образец,0,1,0,0,1,0,0,1
NA,образовательн,0,0,0,0,0,0,0,1
NA,обратный отсчет,0,1,0,0,0,0,0,0
NA,обраща,0,1,0,0,0,0,0,0
NA,обременен,1,0,0,1,0,1,0,0
NA,обременительн,1,0,0,1,0,1,0,0
NA,обреч,0,0,0,1,0,1,0,0
NA,обслужива,0,0,0,0,0,0,0,1
NA,обструктивн,1,0,0,0,0,0,0,0
NA,обща,0,0,0,0,0,0,0,1
NA,объединен,0,1,0,0,1,0,0,1
NA,объявлен,0,1,0,0,0,0,0,0
NA,объясня,0,0,0,0,0,0,0,1
NA,объят,0,1,0,0,1,0,1,1
NA,обыден,0,1,0,0,0,0,0,1
NA,обычн,0,0,0,0,0,0,0,1
NA,обязательств,0,0,0,0,0,1,0,0
NA,обязыва,0,0,0,0,0,0,0,1
NA,овац,0,0,0,0,0,1,0,0
NA,овраг,0,0,0,1,0,0,0,0
NA,огнестрельное оруж,1,0,0,1,0,0,0,0
NA,оговорк,0,0,0,0,0,0,0,1
NA,огон,0,0,0,1,0,0,0,0
NA,огорожен,1,0,0,0,0,0,0,0
NA,огорчен,0,0,1,1,0,1,0,0
NA,огорчительн,1,0,0,1,0,0,0,0
NA,ограблен,1,0,1,1,0,1,0,0
NA,огранич,1,0,0,0,0,1,0,0
NA,ограничен,1,0,0,1,0,1,0,0
NA,ограничива,1,0,0,1,0,1,0,0
NA,одержим,1,0,1,1,0,0,0,0
NA,одея,0,0,0,0,0,0,0,1
NA,одинок,0,0,0,0,0,1,0,0
NA,"одинокий, уединен",1,0,1,1,0,1,0,0
NA,одиночеств,0,0,0,1,0,1,0,0
NA,одиозн,1,0,1,1,0,0,0,0
NA,одобр,0,0,0,0,1,0,0,1
NA,одобрен,0,0,0,0,0,0,0,1
NA,одурманен,0,0,0,0,0,1,0,0
NA,ожив,0,1,0,0,1,0,1,1
NA,ожида,0,1,0,0,0,0,1,1
NA,ожидан,0,1,0,0,0,0,0,0
NA,ожирен,0,0,1,0,0,1,0,0
NA,означа,0,1,0,0,0,0,0,0
NA,оккультн,0,0,1,1,0,0,0,0
NA,окончательн,0,1,0,0,0,1,0,1
NA,округ,0,0,0,0,0,0,0,1
NA,окружа,0,1,0,0,0,0,0,0
NA,онемен,0,0,0,0,0,1,0,0
NA,опальн,1,0,1,0,0,1,0,0
NA,опас,0,0,0,1,0,0,0,0
NA,опаса,0,1,0,1,0,0,0,0
NA,опасен,0,0,0,1,0,0,0,0
NA,опасн,0,1,0,1,0,1,0,0
NA,опекун,0,0,0,0,0,0,0,1
NA,опекунств,0,0,0,0,0,0,0,1
NA,опер,1,1,0,1,1,1,1,1
NA,операц,0,0,0,1,0,1,0,1
NA,опир,0,0,0,0,0,0,0,1
NA,опиум,1,0,1,1,0,1,0,0
NA,оплакив,0,0,0,0,0,1,0,0
NA,оплакива,0,0,1,1,0,1,0,0
NA,оповещен,0,1,0,1,0,0,1,0
NA,оползен,0,0,0,1,0,1,0,0
NA,опор,0,0,0,0,0,0,0,1
NA,оппозиц,1,0,0,0,0,0,0,0
NA,оправда,0,0,0,0,0,0,0,1
NA,оправдан,0,1,0,0,1,0,0,1
NA,оправдыва,1,0,0,0,0,0,0,0
NA,определ,0,1,0,0,0,0,0,1
NA,опровержен,0,0,0,1,0,0,0,0
NA,опрокидыва,0,0,0,0,0,0,1,0
NA,опрос,0,0,0,0,0,0,0,1
NA,оптимизм,0,1,0,0,1,0,1,1
NA,оптимист,0,0,0,0,0,0,0,1
NA,опускан,0,0,0,0,0,1,0,0
NA,опустоша,1,0,0,1,0,1,0,0
NA,опустошен,1,0,0,1,0,1,1,0
NA,опухол,0,0,0,1,0,1,0,0
NA,опытн,0,0,0,0,0,0,0,1
NA,опьянен,0,0,1,0,0,0,0,0
NA,оракул,0,1,0,0,0,0,0,1
NA,орга,0,1,0,0,1,0,0,0
NA,оргазм,0,1,0,0,1,0,0,0
NA,орган власт,0,0,0,0,0,0,0,1
NA,организац,0,1,0,0,1,0,1,1
NA,орд,0,0,0,0,0,0,1,0
NA,орел,0,0,0,0,0,0,0,1
NA,оригинальн,0,0,0,0,0,0,1,0
NA,ориентир,0,0,0,0,0,0,0,1
NA,орк,1,0,1,1,0,0,0,0
NA,оркестр,1,0,0,0,1,1,0,1
NA,осветл,0,0,0,0,1,0,1,1
NA,освеща,0,1,0,0,1,0,1,0
NA,освещен,0,0,0,0,1,0,1,1
NA,освобод,1,1,0,0,1,0,1,1
NA,освобожден,0,1,0,0,1,0,1,0
NA,освят,0,1,0,0,1,1,1,1
NA,освящен,0,1,0,0,1,1,0,1
NA,осел,0,0,1,0,0,0,0,0
NA,осквернен,1,0,1,1,0,1,0,0
NA,оскорбительн,1,0,1,1,0,1,0,0
NA,оскорблен,1,0,1,1,0,1,0,0
NA,оскорбля,1,0,1,1,0,1,1,0
NA,ослабева,0,0,0,0,0,1,0,0
NA,осмел,0,1,0,0,0,0,0,1
NA,осмотрительн,0,1,0,0,0,0,0,1
NA,остав,0,0,0,0,0,1,0,0
NA,оставлен,1,0,0,1,0,1,1,0
NA,оставля,0,0,0,0,0,1,1,0
NA,останавлива,0,0,0,1,0,1,0,0
NA,останк,0,0,1,1,0,0,0,1
NA,остерега,0,1,0,1,0,0,0,0
NA,осторожн,1,1,0,1,0,0,0,1
NA,остр,0,0,1,0,0,0,0,0
NA,остроумн,0,0,0,0,1,0,0,0
NA,осужда,1,0,0,0,0,0,0,0
NA,осужден,1,1,1,1,0,1,0,0
NA,осьминог,0,0,1,0,0,0,0,0
NA,от всей душ,0,0,0,0,1,0,0,0
NA,от корки до корк,0,0,0,0,0,0,0,1
NA,отброс,0,0,1,0,0,0,0,0
NA,отверга,1,0,0,1,0,1,0,0
NA,ответн,1,0,0,0,0,0,0,0
NA,ответствен,0,0,0,0,0,0,0,1
NA,ответчик,1,0,0,1,0,1,0,0
NA,отвлека,1,1,0,0,0,0,0,0
NA,отвлеч,0,1,0,0,0,0,0,0
NA,отвратительн,1,0,1,1,0,1,0,0
NA,отвращен,1,0,1,1,0,1,0,0
NA,отд,0,1,0,0,1,0,0,0
NA,отдать чест,0,0,0,0,1,0,0,0
NA,отделя,1,0,1,0,0,1,0,0
NA,отец,0,0,0,0,0,0,0,1
NA,отжима,1,0,0,0,0,0,0,0
NA,отзыва,0,0,0,0,0,1,0,0
NA,отзывчив,0,1,0,0,0,0,0,1
NA,отказ,1,0,1,1,0,1,0,0
NA,отказа,1,0,0,0,0,1,0,0
NA,отказыва,1,0,1,0,0,0,0,1
NA,отказываться от,1,0,0,0,0,0,0,0
NA,отклон,0,0,0,0,0,1,0,0
NA,отклонен,0,0,0,0,0,1,0,0
NA,отклоня,1,0,0,1,0,1,1,0
NA,отключ,0,0,0,0,0,1,0,0
NA,откровен,0,0,0,0,0,0,0,1
NA,отмен,0,0,0,0,0,1,0,0
NA,отменя,1,0,0,0,0,0,0,0
NA,отозва,1,0,1,1,0,1,0,0
NA,отомст,1,0,0,0,0,0,0,0
NA,отпуск,0,1,0,0,1,0,0,0
NA,отпущение грех,0,0,0,0,1,0,0,1
NA,отравл,1,0,1,1,0,1,0,0
NA,отравлен,0,0,1,0,0,0,0,0
NA,отрицан,1,1,0,0,0,0,0,0
NA,отрицательн,0,0,0,0,0,1,0,0
NA,отруб,0,0,1,0,0,0,0,0
NA,отряд,0,0,0,1,0,0,0,0
NA,отслежива,0,1,0,0,0,0,0,0
NA,отсрочк,0,0,0,0,0,0,1,0
NA,отставан,1,1,1,0,0,1,0,0
NA,отставк,0,0,0,0,0,1,1,0
NA,отстойник,0,0,1,0,0,0,0,0
NA,отступ,0,0,0,0,0,0,0,1
NA,отступлен,1,0,1,1,0,1,0,0
NA,отсутств,0,0,0,1,0,1,0,0
NA,отталкива,1,0,1,1,0,0,0,0
NA,отход,0,1,0,0,0,1,0,0
NA,отчая,0,0,0,1,0,1,0,0
NA,отчаян,1,0,1,1,0,1,0,0
NA,отчужда,1,0,1,0,0,0,0,0
NA,отчужден,1,0,1,1,0,1,0,0
NA,отшельник,0,0,0,0,0,1,0,1
NA,отягча,1,0,0,0,0,1,0,0
NA,офицер,0,0,0,0,0,0,0,1
NA,официальн,0,0,0,0,0,0,0,1
NA,оформлен,0,0,0,0,0,0,0,1
NA,охот,1,1,0,1,0,0,0,0
NA,охотник,0,1,0,1,0,1,0,0
NA,охраня,0,0,0,0,0,0,0,1
NA,оценк,0,0,0,0,0,0,1,1
NA,оценщик,0,0,0,0,0,0,0,1
NA,очарова,0,0,0,0,1,0,0,1
NA,очарован,0,1,0,0,1,0,1,0
NA,очаровательн,0,1,0,0,1,0,0,0
NA,очаровыва,0,1,0,0,1,0,1,0
NA,очевидец,0,0,0,0,0,0,0,1
NA,очевидн,0,0,0,0,0,0,0,1
NA,очен,0,0,0,0,0,1,0,0
NA,очист,0,0,0,0,1,0,0,1
NA,очищен,0,0,0,0,0,0,0,1
NA,ошеломлен,0,0,1,1,0,0,1,0
NA,ошиб,0,0,0,1,0,0,0,0
NA,ошибк,0,0,1,1,0,1,0,0
NA,ошибочн,1,0,0,1,0,1,0,0
NA,ощутим,0,0,0,0,0,0,1,0
NA,пагубн,1,0,0,1,0,1,0,0
NA,паден,0,0,0,1,0,1,0,0
NA,палач,1,0,0,1,0,1,0,0
NA,паля,1,0,0,0,0,0,0,0
NA,памятн,0,1,0,0,1,0,1,1
NA,пандем,0,0,0,1,0,1,0,0
NA,паник,0,0,0,1,0,0,0,0
NA,парад,0,1,0,1,1,0,1,0
NA,параз,1,0,1,1,0,0,0,0
NA,паралич,1,1,1,1,0,1,0,0
NA,параной,0,0,0,1,0,0,0,0
NA,парашют,0,0,0,1,0,0,0,0
NA,парен,0,0,0,0,0,0,0,1
NA,парламент,0,0,0,0,0,0,0,1
NA,парод,0,0,1,1,0,1,0,0
NA,партиза,0,0,0,1,0,0,0,0
NA,партнерств,0,0,0,0,0,0,0,1
NA,пассажир,0,1,0,0,0,0,0,0
NA,паст,0,0,0,0,0,0,0,1
NA,пастор,0,0,0,0,1,0,0,1
NA,патриархальн,0,0,0,0,0,0,0,1
NA,патрул,0,0,0,0,0,0,0,1
NA,паук,0,0,1,1,0,0,0,0
NA,паф,1,0,0,0,0,0,0,0
NA,пациент,0,1,0,0,0,0,0,0
NA,пенитенциарное учрежден,1,0,0,0,0,0,0,0
NA,пепел,0,0,0,0,0,1,0,0
NA,пер,0,0,0,0,0,0,1,0
NA,первенец,0,1,0,0,1,0,0,1
NA,перевод,0,0,0,0,0,0,0,1
NA,переворот,1,0,0,1,0,1,0,0
NA,перегружен,0,0,0,0,0,1,0,0
NA,перегрузк,0,0,0,0,0,1,0,0
NA,передава,0,0,0,0,0,0,0,1
NA,передач,0,0,0,0,0,0,0,1
NA,передышк,0,0,0,0,1,0,0,1
NA,перекошен,1,1,0,0,0,0,0,0
NA,перемен,0,0,0,0,0,0,1,0
NA,перемещен,1,0,0,1,0,1,0,0
NA,перемир,0,0,0,0,1,0,0,1
NA,перенасыщен,0,0,1,0,0,0,0,0
NA,переоценива,0,0,0,0,0,0,1,0
NA,перепел,0,0,0,1,0,0,0,0
NA,переписк,0,1,0,0,0,0,0,0
NA,пересека,1,0,0,1,0,1,0,0
NA,пересмотр,0,0,0,0,0,0,0,1
NA,переходн,0,1,0,0,0,0,0,0
NA,периодичн,0,0,0,0,0,0,0,1
NA,перспективн,0,1,0,0,0,0,0,0
NA,песок,0,0,0,0,0,0,0,1
NA,пессимизм,1,0,0,1,0,1,0,0
NA,пессимист,0,0,0,1,0,1,0,0
NA,пет,0,1,0,0,1,1,0,1
NA,петл,0,0,0,0,0,1,0,0
NA,печ,1,0,0,0,0,0,0,0
NA,печа,0,0,0,0,0,0,0,1
NA,печал,0,0,0,1,0,1,0,0
NA,печальн,0,0,0,0,0,1,0,0
NA,печально известн,1,0,1,1,0,0,0,0
NA,пешк,0,0,0,0,0,0,0,1
NA,пив,0,0,0,0,1,0,0,0
NA,пикет,1,1,0,1,0,0,0,0
NA,пикетирован,1,0,0,0,0,0,0,0
NA,пикник,0,1,0,0,1,0,1,1
NA,пилот,0,0,0,0,0,0,0,1
NA,пина,1,0,0,0,0,0,0,0
NA,пират,1,0,0,0,0,0,0,0
NA,писан,0,0,0,0,0,0,0,1
NA,пистолет,1,0,0,1,0,0,0,0
NA,письм,0,1,0,0,0,0,0,0
NA,питательн,0,0,0,0,0,1,0,0
NA,пиха,1,0,0,0,0,0,0,0
NA,пиявк,0,0,1,1,0,0,0,0
NA,плава,0,1,0,1,1,0,0,0
NA,плагиат,0,0,1,0,0,0,0,0
NA,плака,0,0,0,0,0,1,0,0
NA,плакат,0,0,0,0,0,0,1,0
NA,план,0,1,0,0,0,0,0,0
NA,планирован,0,1,0,0,0,0,0,1
NA,плат,0,1,0,0,1,0,0,1
NA,платеж,1,0,0,0,0,0,0,0
NA,платн,0,0,0,1,0,1,0,0
NA,плач,0,0,0,0,0,1,0,0
NA,плева,0,0,1,0,0,0,0,0
NA,плем,0,0,0,0,0,0,0,1
NA,плен,0,0,0,0,0,1,0,0
NA,пленник,0,0,0,1,0,1,0,0
NA,пленя,0,1,0,0,1,0,1,1
NA,плесен,0,0,1,0,0,0,0,0
NA,плет,1,0,0,1,0,0,0,0
NA,плеч,0,0,0,0,0,0,0,1
NA,пломбир,0,1,0,0,1,0,1,0
NA,плоскодонк,0,1,0,0,0,0,0,0
NA,плот,0,0,1,0,0,0,0,0
NA,плотин,0,0,0,1,0,0,0,0
NA,плотоядн,0,0,0,1,0,0,0,0
NA,плох,1,0,1,1,0,1,0,0
NA,плохое поведен,1,0,1,0,0,0,1,0
NA,плюнул,1,0,0,0,0,0,0,0
NA,пляж,0,0,0,0,1,0,0,0
NA,пневмон,0,0,0,1,0,0,0,0
NA,побег,0,1,0,1,0,0,0,0
NA,побед,0,1,0,0,1,0,0,1
NA,победител,0,1,0,0,1,0,1,0
NA,победоносн,0,0,0,0,1,0,0,0
NA,побежд,0,0,0,0,0,1,0,0
NA,повред,1,0,0,1,0,1,0,0
NA,повседневн,0,1,0,0,0,0,0,0
NA,повторя,0,1,0,0,0,0,0,0
NA,повязка на глаз,0,1,0,1,0,0,1,0
NA,погаша,1,1,0,0,1,0,0,1
NA,погиб,0,0,0,0,0,1,0,0
NA,погиба,0,0,0,1,0,1,0,0
NA,погибел,1,0,1,1,0,1,0,0
NA,погибнут,0,0,0,1,0,1,0,0
NA,поглоща,0,1,0,0,0,0,0,0
NA,погребен,0,0,0,0,0,1,0,0
NA,погружа,0,1,0,1,1,0,1,1
NA,погруз,0,0,0,1,0,0,0,0
NA,под страж,0,0,0,0,0,0,0,1
NA,подав,0,0,0,1,0,0,0,0
NA,подавлен,1,0,1,1,0,0,0,0
NA,подавля,1,0,0,1,0,1,0,0
NA,подал в отставк,0,0,0,0,0,1,0,0
NA,подарок,0,1,0,0,1,0,1,1
NA,подверга,0,0,0,0,0,1,0,0
NA,подвергать опасн,1,1,0,1,0,0,0,0
NA,подвиг,0,1,0,0,1,0,1,0
NA,подглядыва,1,1,0,0,0,0,0,1
NA,подготов,0,1,0,0,0,0,0,0
NA,подготовительн,0,1,0,0,0,0,0,0
NA,подготовк,0,1,0,0,0,0,0,0
NA,подгузник,0,0,1,0,0,0,0,0
NA,подделк,1,0,1,0,0,0,0,0
NA,поддержк,0,0,0,0,0,0,0,1
NA,поддразниван,1,0,0,1,0,0,0,0
NA,подел,0,1,0,0,1,0,0,1
NA,поджог,1,0,0,1,0,0,0,0
NA,подколенное сухожил,1,0,0,0,0,1,0,0
NA,подкреплен,0,0,0,0,0,0,0,1
NA,подл,1,0,1,1,0,0,0,0
NA,подлин,0,0,0,0,0,0,0,1
NA,подмастер,0,0,0,0,0,0,0,1
NA,поднима,0,1,0,0,1,0,0,1
NA,подозрева,0,0,0,1,0,0,0,0
NA,подозрен,0,0,0,1,0,0,0,0
NA,подозрительн,1,1,0,0,0,0,1,0
NA,подотчетн,0,0,0,0,0,0,0,1
NA,подп,0,0,0,0,0,0,0,1
NA,подписыва,0,1,0,0,0,0,0,0
NA,подражател,1,0,1,0,0,0,0,0
NA,подруж,0,0,0,0,1,0,0,1
NA,подружка невест,0,0,0,0,1,0,0,1
NA,подрывн,1,0,0,0,0,0,1,0
NA,подрывная деятельн,1,0,0,1,0,0,0,0
NA,подсказк,0,1,0,0,0,0,0,0
NA,подстрека,1,1,0,1,0,0,0,0
NA,подтвержда,0,0,0,0,0,0,0,1
NA,подтвержден,0,0,0,0,0,0,0,1
NA,подход,1,0,0,0,0,0,0,0
NA,подходя,0,0,0,0,1,0,0,0
NA,подчеркива,0,0,0,0,0,0,0,1
NA,подчин,0,0,0,1,0,0,0,1
NA,подчинен,1,0,1,1,0,1,0,0
NA,пожарищ,1,0,0,1,0,0,0,0
NA,пожарн,0,0,0,0,0,0,0,1
NA,пожертвован,0,0,0,0,0,0,0,1
NA,позвоночник,1,0,0,0,0,0,0,0
NA,поздн,0,0,0,0,0,1,0,0
NA,поздравительн,0,0,0,0,1,0,0,0
NA,позор,1,0,1,0,0,1,0,0
NA,поистин,0,0,0,0,0,0,0,1
NA,пойма,0,0,0,0,0,0,1,0
NA,показан,0,0,0,0,0,0,0,1
NA,показыва,0,0,0,0,0,0,0,1
NA,покая,0,0,0,1,0,0,0,0
NA,покаян,0,0,0,1,0,1,0,0
NA,покида,0,0,0,1,0,1,0,0
NA,покинут,1,0,1,1,0,1,0,0
NA,поклонен,0,1,0,1,1,0,0,1
NA,покойн,0,0,0,0,0,1,0,0
NA,покровител,0,0,0,0,0,0,0,1
NA,покровительств,0,0,0,0,0,0,0,1
NA,покрыт,0,0,0,0,0,0,0,1
NA,пол,0,0,0,0,0,1,0,0
NA,поле битв,0,0,0,1,0,0,0,0
NA,полезн,0,0,0,0,1,0,0,1
NA,полемическ,1,0,1,0,0,0,0,0
NA,ползт,0,0,1,0,0,0,0,0
NA,ползуч,0,1,0,0,0,0,0,0
NA,полигам,0,0,1,0,0,0,0,0
NA,полиомиел,0,0,0,1,0,1,0,0
NA,политик,1,0,0,0,0,0,0,1
NA,политическ,0,0,1,0,0,0,0,0
NA,полиц,0,0,0,1,0,0,0,1
NA,полицейск,0,0,0,1,0,0,0,1
NA,полк,0,0,0,1,0,0,0,0
NA,полковник,0,0,0,0,0,0,0,1
NA,полномоч,0,0,0,0,0,0,0,1
NA,полный рот,0,0,1,0,0,0,0,0
NA,полоск,0,0,0,0,0,1,0,0
NA,полулежа,0,0,0,0,0,0,0,1
NA,получател,0,1,0,0,0,0,0,0
NA,получен,0,1,0,0,1,0,1,0
NA,получивший удовольств,0,1,0,0,1,0,1,0
NA,полярн,0,0,0,0,0,0,1,0
NA,поминовен,0,1,0,0,1,0,0,0
NA,помо,0,0,1,0,0,0,0,0
NA,помога,0,0,0,0,0,0,0,1
NA,помощник,0,0,0,0,0,0,0,1
NA,понима,0,0,0,0,0,0,0,1
NA,пониман,0,0,0,0,0,0,0,1
NA,понтифик,0,0,0,0,0,0,0,1
NA,поощря,0,0,0,0,1,0,0,1
NA,поп,0,0,0,0,0,0,1,0
NA,попечител,0,0,0,0,0,0,0,1
NA,попуга,0,0,1,0,0,0,0,0
NA,порабощен,1,0,1,1,0,1,0,0
NA,поража,0,0,0,1,0,1,0,0
NA,поражен,0,0,0,0,0,1,0,0
NA,пораз,1,0,0,1,0,1,0,0
NA,поразительн,0,0,0,0,0,0,1,0
NA,порица,1,0,0,0,0,0,0,0
NA,порк,1,0,1,1,0,1,0,0
NA,порн,0,0,1,0,0,0,0,0
NA,порнограф,0,0,1,0,0,0,0,0
NA,порок,1,0,1,1,0,1,0,0
NA,порох,0,0,0,1,0,0,0,0
NA,порочн,1,0,1,1,0,0,0,0
NA,порт,0,0,1,0,0,1,0,0
NA,поручен,0,1,0,0,0,0,0,1
NA,поручительств,0,0,0,0,0,0,0,1
NA,посетител,0,1,0,0,1,0,0,0
NA,посещаем,0,1,0,0,0,0,0,0
NA,последовател,0,0,0,0,0,0,0,1
NA,последовательн,0,0,0,0,0,0,0,1
NA,последств,1,0,1,1,0,1,0,0
NA,послушан,0,0,0,0,0,0,0,1
NA,послушн,0,1,0,0,0,0,0,1
NA,посмеива,0,1,0,0,1,0,1,1
NA,посмертн,0,0,0,0,0,1,0,0
NA,пособие по безработиц,0,0,0,0,0,1,0,0
NA,посоветова,0,0,0,0,0,0,0,1
NA,посол,0,0,0,0,0,0,0,1
NA,поспешн,0,1,0,0,0,0,0,0
NA,посредник,0,1,0,0,0,0,0,1
NA,посреднича,0,1,0,0,0,0,0,1
NA,поставить в известн,0,0,0,0,0,0,0,1
NA,постановлен,0,0,0,0,0,0,0,1
NA,постепен,0,1,0,0,0,0,0,0
NA,посторон,0,0,0,1,0,0,0,0
NA,постоя,0,0,0,0,0,0,0,1
NA,постоянств,0,0,0,0,0,0,0,1
NA,пострада,1,0,0,1,0,1,0,0
NA,поступок,0,0,0,0,0,0,0,1
NA,постыдн,1,0,1,0,0,1,0,0
NA,посуд,0,0,0,1,0,0,0,0
NA,посыльн,0,0,0,0,0,0,0,1
NA,посягательств,1,0,0,1,0,0,0,0
NA,пот,0,0,1,1,0,0,0,0
NA,потер,1,0,0,1,0,1,0,0
NA,потерпевш,1,0,0,1,0,1,0,0
NA,потеря,0,0,0,0,0,1,0,0
NA,поток,0,0,0,1,0,0,0,0
NA,потоп,0,0,0,1,0,1,1,0
NA,потрач,1,0,1,0,0,0,0,0
NA,потрепа,0,0,1,1,0,1,0,0
NA,потряса,0,0,0,0,0,1,0,0
NA,похвал,0,1,0,0,1,0,1,1
NA,похвальн,0,1,0,0,1,0,1,1
NA,похит,1,0,0,1,0,1,1,0
NA,похитител,0,0,0,1,0,0,0,0
NA,похищен,0,0,0,1,0,1,1,0
NA,поход по магазин,0,1,0,0,1,0,1,1
NA,похож,0,0,0,0,0,0,0,1
NA,похорон,0,0,0,0,0,1,0,0
NA,похоронен,0,0,0,1,0,1,0,0
NA,похот,0,1,0,0,0,0,0,0
NA,похотлив,0,0,1,0,0,0,0,0
NA,почв,0,0,1,0,0,0,0,0
NA,почетн,0,0,0,0,0,0,0,1
NA,почита,0,1,0,0,1,1,0,1
NA,почт,0,1,0,0,0,0,0,0
NA,почтен,0,1,0,0,1,0,0,1
NA,почтительн,0,0,0,0,0,0,0,1
NA,почтить памя,0,1,0,0,1,1,0,0
NA,пошлост,1,0,1,0,0,1,0,0
NA,пояс,1,0,0,1,0,0,0,0
NA,прав,0,0,0,1,0,0,0,1
NA,правд,0,0,0,0,0,0,0,1
NA,правдив,0,1,0,0,1,0,1,1
NA,правильн,0,0,0,0,0,0,0,1
NA,правительств,0,0,0,1,0,0,0,0
NA,правонарушител,1,0,1,0,0,0,0,0
NA,правопреемник,0,0,0,0,0,0,0,1
NA,православ,0,0,0,0,0,0,0,1
NA,праздник,0,1,0,0,1,0,1,1
NA,праздничн,0,0,0,0,1,0,0,0
NA,праздничный ден,0,1,0,0,1,0,0,0
NA,празднова,0,1,0,0,1,0,0,0
NA,празднован,0,1,0,0,1,0,0,0
NA,практикова,0,0,0,0,1,0,1,1
NA,превзойт,0,1,0,0,0,0,0,0
NA,превознос,0,1,0,0,1,0,0,1
NA,превосход,0,1,0,0,1,0,1,1
NA,превосходн,0,0,0,0,1,0,0,1
NA,превосходств,1,1,0,1,1,0,1,1
NA,предава,1,0,1,0,0,1,1,0
NA,предан,0,0,0,0,0,0,0,1
NA,преданный ид,0,0,0,0,0,0,0,1
NA,предател,1,0,1,1,0,1,0,0
NA,предательск,1,0,1,1,0,0,0,0
NA,предательств,1,0,1,1,0,1,1,0
NA,предварительн,0,1,0,0,0,0,0,0
NA,предварительное услов,0,1,0,0,0,0,0,0
NA,предвестник,1,1,0,1,0,0,0,0
NA,предвзят,1,0,1,1,0,0,0,0
NA,предвиден,0,1,0,0,0,0,0,1
NA,предвидет,0,1,0,0,0,0,1,1
NA,предвидя,0,1,0,0,0,0,0,0
NA,предзнаменован,0,1,0,1,0,0,0,0
NA,предк,0,0,0,0,1,0,0,1
NA,предлож,0,0,0,0,0,0,0,1
NA,предложен,0,0,0,0,0,0,0,1
NA,предназначен,0,1,0,0,0,0,0,0
NA,преднамерен,0,0,0,1,0,0,0,0
NA,предоставля,0,0,0,0,0,0,0,1
NA,предостерега,0,0,0,1,0,0,0,0
NA,предотвраща,0,0,0,1,0,0,0,0
NA,предохранител,0,0,0,0,0,0,0,1
NA,предплеч,1,1,0,0,0,0,0,0
NA,предполага,0,0,0,0,0,0,1,1
NA,предположен,0,1,0,1,0,1,0,0
NA,предпочита,0,0,0,0,0,0,0,1
NA,предприят,0,1,0,0,0,0,0,0
NA,предрасполага,0,1,0,0,0,0,0,0
NA,предрассудк,1,0,0,0,0,0,0,0
NA,председател,0,0,0,0,0,0,0,1
NA,предсказыва,0,1,0,0,0,0,0,0
NA,представля,0,1,0,0,0,0,0,0
NA,предупрежд,0,1,0,1,0,0,1,0
NA,предупрежда,0,1,0,1,0,0,1,1
NA,предупрежден,0,0,0,1,0,0,0,0
NA,предчувств,0,1,0,1,0,0,0,0
NA,предшественник,0,1,0,0,0,0,0,0
NA,предъявить обвинен,1,0,0,1,0,0,0,0
NA,предъявление обвинен,1,0,0,1,0,1,0,0
NA,преждевремен,0,0,0,0,0,0,1,0
NA,президент,0,0,0,0,0,0,0,1
NA,презира,1,0,1,0,0,0,0,0
NA,презрен,1,0,1,1,0,0,0,0
NA,презрительн,1,0,0,0,0,0,0,0
NA,презумпц,0,0,0,0,0,0,0,1
NA,прекрасн,0,1,0,0,1,1,1,1
NA,прекраща,0,0,0,0,0,1,0,0
NA,прекращен,0,0,1,0,0,1,0,0
NA,прелюбодеян,0,0,1,0,0,1,0,0
NA,пренебрежен,1,0,1,0,0,1,0,0
NA,пренебрежительн,1,0,1,0,0,1,0,0
NA,преоблада,0,1,0,0,1,0,0,1
NA,преподобн,0,0,0,0,1,0,0,0
NA,препятств,1,0,0,1,0,1,0,0
NA,препятствова,1,0,0,1,0,0,0,0
NA,прерва,0,0,0,0,0,1,0,0
NA,прерыва,1,0,0,0,0,0,1,0
NA,прерывн,0,0,1,1,0,1,0,0
NA,преследова,1,0,0,1,0,0,0,0
NA,преследован,1,0,1,1,0,1,0,0
NA,преследовать в судебном порядк,1,0,0,1,0,1,0,0
NA,преследуем,0,0,0,1,0,1,0,0
NA,пресс-секретар,0,0,0,0,0,0,0,1
NA,прест,0,0,0,0,1,0,1,0
NA,престиж,0,0,0,0,1,0,0,1
NA,преступлен,1,0,0,0,0,0,0,0
NA,преступн,1,0,1,1,0,0,0,0
NA,преступник,1,0,1,1,0,1,0,0
NA,преувеличива,1,0,0,0,0,0,0,0
NA,преуспева,0,1,0,0,1,0,0,1
NA,преуспет,0,1,0,0,1,0,1,1
NA,приб,0,1,0,0,0,0,0,0
NA,приближа,0,1,0,0,0,0,0,0
NA,прибыт,0,1,0,0,0,0,0,0
NA,приветств,0,0,0,0,1,0,1,0
NA,прививк,0,1,0,0,0,0,0,1
NA,привилегирова,0,0,0,0,1,0,0,1
NA,привлечен,0,0,0,0,1,0,0,1
NA,привычн,0,1,0,0,0,0,0,1
NA,привязан,0,0,0,0,1,0,0,1
NA,приглаш,0,1,0,0,1,0,1,1
NA,приглаша,0,1,0,0,1,0,1,1
NA,приглашен,0,1,0,0,0,0,0,0
NA,приговор,1,1,1,1,0,1,0,0
NA,придержив,0,0,0,0,0,0,0,1
NA,придурок,1,0,0,0,0,0,1,0
NA,прижима,0,0,0,0,0,0,0,1
NA,приз,0,1,0,0,0,0,0,1
NA,признава,0,0,0,0,0,0,0,1
NA,признан,0,1,0,1,0,1,1,0
NA,признательн,0,0,0,0,1,0,0,1
NA,признать виновн,1,0,1,1,0,1,0,0
NA,призрак,0,0,0,1,0,1,0,0
NA,призрачн,0,0,0,1,0,0,0,0
NA,приключен,0,1,0,0,0,0,0,0
NA,прим,0,0,1,0,0,0,0,0
NA,приманк,0,0,0,1,0,0,1,1
NA,примерк,0,1,0,0,1,0,0,1
NA,примирен,0,1,0,0,1,0,0,1
NA,принести извинен,0,0,0,0,0,1,0,1
NA,принижа,1,0,1,1,0,1,0,0
NA,принимать участ,0,0,0,0,0,0,0,1
NA,принудительн,1,0,0,1,0,0,0,0
NA,принужда,1,0,1,1,0,0,0,0
NA,принужден,1,0,1,1,0,1,0,0
NA,приобретен,0,1,0,0,0,0,0,0
NA,приоритет,0,0,0,0,0,0,0,1
NA,приостановк,0,0,0,1,0,0,0,0
NA,припухл,0,0,0,1,0,0,0,0
NA,прирост,0,1,0,0,1,0,0,0
NA,приседан,0,0,0,1,0,0,0,0
NA,присест,0,0,0,1,0,0,0,0
NA,прискорбн,1,0,1,1,0,1,0,0
NA,приставан,1,0,1,1,0,1,0,0
NA,приставк,0,0,0,0,0,1,0,0
NA,притвор,1,0,0,0,0,0,0,0
NA,притворств,1,0,1,0,0,0,0,0
NA,приток,0,1,0,0,0,0,0,0
NA,приход,0,0,0,0,0,0,0,1
NA,приходя,0,1,0,0,0,0,0,0
NA,причал,0,0,0,0,0,0,0,1
NA,причаст,0,0,0,0,1,0,0,1
NA,причинен,0,0,0,1,0,1,0,0
NA,причиня,1,0,0,1,0,1,0,0
NA,причудлив,0,0,1,1,1,0,1,1
NA,пришеств,0,1,0,0,1,0,0,1
NA,приют,0,0,0,0,0,0,0,1
NA,приятел,0,1,0,0,1,0,0,1
NA,приятн,0,1,0,0,1,0,1,1
NA,проблем,0,0,0,1,0,1,0,0
NA,пробужда,0,1,0,0,0,0,0,0
NA,прова,1,1,1,1,0,1,0,0
NA,провер,0,0,0,0,0,0,0,1
NA,проверк,0,0,0,0,0,0,0,1
NA,провидец,0,1,0,0,1,0,0,1
NA,провисан,0,0,0,1,0,0,0,0
NA,провокац,1,0,0,0,0,0,0,0
NA,провоцир,1,0,1,0,0,0,0,0
NA,прогноз,0,1,0,1,0,0,0,1
NA,прогностическ,0,1,0,0,0,0,0,0
NA,прогоркл,0,0,1,0,0,0,0,0
NA,прогресс,0,1,0,0,1,1,0,1
NA,продвига,0,1,0,1,1,0,1,0
NA,продл,0,0,1,0,0,0,0,0
NA,продолжа,0,1,0,0,0,0,0,1
NA,продолжен,0,1,0,0,0,0,0,0
NA,проигрыш,1,0,0,0,0,1,0,0
NA,производств,0,1,0,0,0,0,0,0
NA,проказ,0,0,1,1,0,1,0,0
NA,прокат,0,1,0,0,1,0,0,1
NA,проклина,1,0,1,1,0,1,0,0
NA,проклят,1,0,1,1,0,1,0,0
NA,прокс,0,0,0,0,0,0,0,1
NA,проктор,0,0,0,0,0,0,0,1
NA,пролив,0,0,0,1,0,0,0,0
NA,пролог,0,1,0,0,0,0,0,0
NA,промежуточн,0,1,0,0,0,0,0,0
NA,пронзительн,1,0,0,1,0,0,1,0
NA,проникновен,1,0,0,1,0,0,0,0
NA,пропада,0,0,0,1,0,0,0,0
NA,пропаст,0,0,0,1,0,0,0,0
NA,проповед,0,0,0,0,0,0,0,1
NA,прорастан,0,1,0,0,0,0,0,0
NA,пророк,0,1,0,0,0,0,0,1
NA,пророческ,0,1,0,0,0,0,0,0
NA,пророчеств,0,1,0,0,0,0,0,0
NA,прос,0,0,0,0,0,1,0,0
NA,просветлен,0,0,0,0,1,0,0,1
NA,просвеща,0,0,0,0,1,0,0,1
NA,прославлен,0,0,0,0,1,0,0,0
NA,прославля,0,1,0,0,1,0,1,1
NA,просрочен,0,1,0,0,0,1,1,0
NA,прост,0,0,0,0,0,0,0,1
NA,проститутк,0,0,1,0,0,0,0,0
NA,проституц,0,0,1,0,0,1,0,0
NA,проступок,1,0,1,0,0,1,0,0
NA,прот,1,0,0,1,0,0,0,0
NA,протест,1,0,0,1,0,0,1,0
NA,противн,1,0,1,1,0,1,0,0
NA,противник,1,1,1,1,0,0,0,0
NA,противогрибков,0,0,0,0,0,0,0,1
NA,противореч,1,0,0,0,0,0,0,0
NA,противостоя,1,0,0,0,0,0,0,0
NA,противостоян,1,0,0,1,0,0,0,0
NA,противояд,0,1,0,0,0,0,0,1
NA,профессиональн,0,0,0,0,0,0,0,1
NA,профессор,0,0,0,0,0,0,0,1
NA,профессур,0,0,0,0,0,0,0,1
NA,профилактик,0,1,0,0,0,0,0,0
NA,профилактическ,0,1,0,0,0,0,0,1
NA,процвета,0,1,0,0,1,0,0,0
NA,процедур,0,0,0,1,0,0,0,0
NA,процесс,0,1,0,0,0,0,0,0
NA,прочн,0,0,0,0,0,0,0,1
NA,прочност,1,0,0,1,0,0,0,1
NA,проща,0,0,0,0,0,0,0,1
NA,проявлен,0,0,0,1,0,0,0,0
NA,прыжок,0,0,0,0,1,0,0,0
NA,прыщ,0,0,1,0,0,0,0,0
NA,прям,0,0,0,0,0,0,0,1
NA,прячет,0,0,0,1,0,0,0,0
NA,псих,1,0,0,1,0,1,0,0
NA,психоз,1,0,0,1,0,1,0,0
NA,публичн,0,1,0,0,0,0,0,0
NA,пуга,1,0,0,1,0,1,1,0
NA,пульсирова,0,0,0,1,0,1,0,0
NA,пум,0,0,0,1,0,0,1,0
NA,пунктирн,1,0,0,1,0,1,0,0
NA,пунктуальн,0,1,0,0,0,0,0,1
NA,пускать слюн,0,0,1,0,0,0,0,0
NA,пуст,0,0,1,0,0,1,0,0
NA,пустот,0,0,0,0,0,1,0,0
NA,пустын,1,1,1,1,0,1,0,0
NA,путаниц,1,0,0,1,0,0,0,0
NA,путеводител,0,0,0,0,0,0,0,1
NA,путешеств,0,1,0,1,1,0,1,0
NA,пухл,0,1,0,0,0,0,0,0
NA,пушк,1,0,0,1,0,0,0,0
NA,пчел,1,0,0,1,0,0,0,0
NA,пыла,1,0,0,0,0,0,0,0
NA,пылк,0,1,0,0,1,0,0,0
NA,пыта,0,1,0,0,0,0,0,0
NA,пытк,1,1,1,1,0,1,0,0
NA,пыхтен,1,0,1,0,0,0,0,0
NA,пышн,0,0,1,0,0,1,0,0
NA,пьян,0,0,1,0,0,0,0,0
NA,пял,0,0,0,0,0,0,1,0
NA,пятн,0,0,1,0,0,0,0,0
NA,пятнышк,0,0,1,0,0,0,0,0
NA,раб,1,0,0,1,0,1,0,0
NA,рабск,0,0,1,1,0,1,0,0
NA,рабств,1,0,1,1,0,1,0,0
NA,равенств,0,0,0,0,1,0,0,1
NA,равнодуш,1,0,1,1,0,1,0,0
NA,равносильн,0,0,0,0,0,0,0,1
NA,радар,0,0,0,0,0,0,0,1
NA,радиац,0,0,0,1,0,0,0,0
NA,радиоактивн,0,0,0,1,0,0,0,0
NA,радова,0,1,0,0,1,0,1,1
NA,радон,0,0,0,1,0,0,0,0
NA,радост,0,1,0,0,1,0,1,1
NA,радостн,0,1,0,0,1,0,0,1
NA,раду,0,1,0,0,1,0,1,0
NA,радужная оболочк,0,0,0,1,0,0,0,0
NA,раз в два год,0,1,0,0,0,0,0,0
NA,разб,1,0,0,1,0,1,1,0
NA,разбит,1,0,0,1,0,1,0,0
NA,развива,0,1,0,0,0,0,0,0
NA,развлека,0,0,0,0,1,0,0,0
NA,развлекательн,0,1,0,0,1,0,0,0
NA,развлечен,0,1,0,0,1,0,1,1
NA,развод,1,0,1,1,0,1,1,1
NA,разворачива,0,1,0,0,0,0,0,0
NA,разворот,1,0,1,0,0,0,1,0
NA,разврат,1,0,1,1,0,0,0,0
NA,развратн,1,1,1,1,0,1,0,0
NA,развраща,1,0,1,1,0,1,0,0
NA,развяза,0,0,0,0,1,0,0,0
NA,разгнева,1,0,0,0,0,0,0,0
NA,разгром,1,0,0,1,0,0,0,0
NA,раздавлен,1,0,1,1,0,1,0,0
NA,раздет,1,1,1,1,0,1,0,0
NA,раздор,1,0,0,0,0,0,0,0
NA,раздража,1,0,1,1,0,1,0,0
NA,раздражен,1,0,1,1,0,1,0,0
NA,раздражительн,1,0,0,0,0,0,0,0
NA,раздут,0,0,1,0,0,0,0,0
NA,разлага,0,0,0,1,0,1,0,0
NA,разлад,1,0,1,0,0,0,0,0
NA,различа,1,0,1,0,0,1,0,0
NA,разлож,0,0,1,0,0,1,0,0
NA,разложен,0,0,1,1,0,1,0,0
NA,размест,0,1,0,0,0,0,0,0
NA,размолвк,1,0,0,0,0,0,0,0
NA,разоблача,0,1,0,1,0,0,0,0
NA,разорен,1,0,0,1,0,1,0,0
NA,разочарова,1,0,1,0,0,1,0,0
NA,разочарован,1,0,1,0,0,1,0,0
NA,разочаровыва,0,0,0,0,0,1,0,0
NA,разр,0,0,0,1,0,1,1,0
NA,разреша,0,0,0,0,0,0,0,1
NA,разруша,1,0,0,1,0,1,0,0
NA,разрушен,1,0,1,1,0,1,1,0
NA,разрушител,1,0,0,1,0,0,0,0
NA,разрушительн,1,0,1,1,0,1,0,1
NA,разъясн,0,0,0,0,0,0,0,1
NA,район,0,1,0,0,0,0,0,0
NA,рак,1,0,1,1,0,1,0,0
NA,ракет,1,0,0,1,0,0,0,0
NA,рамк,0,0,0,0,0,0,0,1
NA,ран,1,0,0,1,0,1,0,0
NA,раскол,1,0,0,0,0,0,0,0
NA,расколот,0,0,0,1,0,0,0,0
NA,раскр,0,0,0,0,0,0,1,1
NA,распада,0,0,1,1,0,0,0,0
NA,расплавлен,0,0,0,0,0,1,0,0
NA,расплат,1,0,0,0,0,0,0,0
NA,распоряжа,0,1,1,0,0,0,0,1
NA,распространен,0,0,0,0,0,0,0,1
NA,распят,1,0,1,1,0,1,0,0
NA,рассвет,0,1,0,0,1,0,1,1
NA,рассечен,0,0,1,0,0,0,0,0
NA,рассея,0,0,0,0,0,1,0,0
NA,расследован,0,1,0,0,0,0,0,0
NA,расстава,0,0,0,0,0,1,0,0
NA,расставан,0,0,0,0,0,1,0,0
NA,расстраива,1,0,1,0,0,1,0,0
NA,расстроен,1,0,1,0,0,1,0,0
NA,расстройств,1,0,0,0,0,1,0,0
NA,рассудительн,0,0,0,0,0,0,0,1
NA,раст,0,1,0,0,1,0,0,1
NA,растворен,1,0,0,1,0,1,1,0
NA,расточительн,1,0,1,0,0,1,0,0
NA,растяжение связок,0,0,0,0,0,1,0,0
NA,расходя,0,0,0,0,0,0,1,0
NA,расцвет,0,1,0,0,1,0,0,1
NA,расчет,0,1,0,0,0,0,0,0
NA,расчленен,0,0,1,1,0,1,0,0
NA,расщеплен,0,0,0,0,0,1,0,0
NA,ратифицирова,0,0,0,0,0,0,0,1
NA,рациональн,0,0,0,0,0,0,0,1
NA,рвен,1,1,0,0,1,0,1,1
NA,рвот,0,0,1,0,0,0,0,0
NA,реабилитац,0,1,0,0,0,0,0,0
NA,реагирова,1,0,0,1,0,0,0,0
NA,ребенок,0,1,0,0,1,0,0,0
NA,ревматизм,1,0,0,1,0,1,0,0
NA,ревнив,1,0,1,0,0,0,0,0
NA,ревност,1,0,1,1,0,1,0,0
NA,ревностн,0,0,0,0,1,0,0,1
NA,револьвер,1,0,0,1,0,1,0,0
NA,революц,1,1,0,1,0,1,1,0
NA,регат,0,1,0,0,0,0,0,0
NA,регент,0,0,0,0,0,0,0,1
NA,регулир,0,0,0,1,0,0,0,0
NA,регулярн,0,1,0,0,0,0,0,1
NA,редкост,0,0,0,0,0,0,1,0
NA,реестр,0,0,0,0,0,0,0,1
NA,резак,0,0,0,1,0,0,0,0
NA,резв,0,1,0,0,1,0,1,0
NA,резекц,0,0,0,1,0,0,0,0
NA,резк,1,0,1,1,0,1,1,0
NA,резко пада,0,0,0,1,0,0,0,0
NA,резн,1,0,1,1,0,1,1,0
NA,результат,0,1,0,0,0,0,0,0
NA,результир,0,1,0,0,0,0,0,0
NA,рейд,1,0,0,1,0,0,1,0
NA,рейнджер,0,0,0,0,0,0,0,1
NA,рейтинг,1,0,0,1,0,1,0,0
NA,рекв,0,0,0,0,0,1,0,0
NA,рекомбинац,0,1,0,0,0,0,0,0
NA,рекомендова,0,0,0,0,0,0,0,1
NA,реконструирова,0,1,0,0,0,0,0,0
NA,реконструкц,0,1,0,0,0,0,0,0
NA,религ,0,0,0,0,0,0,0,1
NA,религиозн,0,0,0,0,0,0,0,1
NA,реликв,0,0,0,0,0,1,0,0
NA,рельс,1,1,0,0,0,0,0,0
NA,ремонт,0,1,0,0,1,0,0,0
NA,ремонтирова,0,1,0,0,0,0,0,0
NA,ренегат,1,0,0,0,0,0,0,0
NA,репеллент,0,0,1,1,0,0,0,0
NA,репортер,0,0,0,0,0,0,0,1
NA,репресс,0,0,0,1,0,0,0,0
NA,репродуктивн,0,0,0,0,1,0,0,0
NA,респектабельн,0,0,0,0,0,0,0,1
NA,реституц,1,0,0,0,0,0,0,0
NA,ресурс,0,0,0,0,1,0,0,1
NA,рефер,0,0,0,0,0,0,0,1
NA,рефлекс,0,0,0,0,0,0,1,0
NA,рефлюкс,0,0,1,0,0,0,0,0
NA,рецесс,1,0,1,1,0,1,0,0
NA,рецид,0,0,0,1,0,1,0,0
NA,рецидивизм,1,0,1,0,0,1,0,0
NA,решетк,1,0,1,0,0,0,0,0
NA,решим,0,0,0,0,0,0,0,1
NA,риск,0,1,0,1,0,0,0,0
NA,рискова,0,1,0,1,0,0,0,0
NA,ритмичн,0,0,0,0,1,0,1,0
NA,ро,0,0,1,0,0,0,0,0
NA,робк,0,0,0,1,0,1,0,0
NA,робост,0,1,0,1,0,0,0,0
NA,ров,0,0,0,0,0,0,0,1
NA,рогоносец,0,0,1,0,0,0,0,0
NA,родов,0,0,0,0,0,0,0,1
NA,родословн,0,0,0,0,0,0,0,1
NA,родствен,0,1,0,0,1,0,0,1
NA,родственная душ,0,0,0,1,0,0,0,0
NA,родственник,0,0,0,0,0,0,0,1
NA,родстер,0,0,0,0,1,0,0,1
NA,рожден,0,1,0,1,1,0,0,1
NA,рожок,0,1,0,0,0,0,0,0
NA,розыгрыш,1,1,1,0,0,1,1,0
NA,рок,0,0,0,1,0,0,0,0
NA,романтизм,0,0,0,0,1,0,0,0
NA,романтик,0,1,0,1,1,1,1,1
NA,роскош,0,0,0,0,1,0,0,0
NA,роскошн,0,0,0,0,1,0,0,0
NA,рост,0,1,0,0,1,0,0,0
NA,росток,0,1,1,0,0,0,0,0
NA,рот,0,0,0,0,0,0,1,1
NA,ртут,0,0,0,0,0,0,1,0
NA,руга,1,0,1,1,0,1,0,1
NA,ругательств,1,0,0,0,0,0,0,0
NA,руководств,0,0,0,0,0,0,0,1
NA,рукополож,0,0,0,0,0,0,0,1
NA,рукоположен,0,1,0,0,1,0,0,1
NA,рулетк,0,1,0,0,0,0,0,0
NA,рутин,0,0,0,0,0,0,0,1
NA,руча,0,0,0,0,0,0,0,1
NA,руш,0,0,0,0,0,1,0,0
NA,рыбалк,0,1,0,0,0,0,0,0
NA,рыда,0,0,0,0,0,1,0,0
NA,рыжевато-коричнев,0,0,1,0,0,0,0,0
NA,рыска,0,0,0,1,0,0,1,0
NA,рыча,1,0,1,1,0,0,0,0
NA,рычан,1,0,1,1,0,0,0,0
NA,рэп,1,0,0,0,0,0,0,0
NA,с капюшон,0,0,0,1,0,0,0,0
NA,с треск,0,0,0,0,0,1,0,0
NA,сабл,1,0,0,1,0,0,0,0
NA,саботаж,1,0,1,1,0,1,1,0
NA,сава,0,0,0,0,0,1,0,0
NA,сад,0,0,0,0,1,0,0,0
NA,саж,0,0,1,0,0,0,0,0
NA,салл,0,0,0,0,0,0,1,0
NA,салон,1,0,0,0,0,0,0,0
NA,салфетк,0,0,0,0,0,1,0,0
NA,самонадея,1,0,1,0,0,0,0,0
NA,самоубийств,1,0,0,1,0,1,0,0
NA,самоубийствен,1,0,1,1,0,1,0,0
NA,самоуверен,1,0,0,0,0,0,0,0
NA,самура,0,0,0,1,0,0,0,0
NA,самый низк,0,0,0,0,0,1,0,0
NA,саранч,0,0,0,1,0,0,0,0
NA,сарказм,1,0,1,0,0,1,0,0
NA,сарком,0,0,0,1,0,1,0,0
NA,сатанинск,1,0,0,0,0,0,0,0
NA,сбежа,0,0,0,1,0,0,0,0
NA,сбитый с толк,0,0,0,1,0,0,1,0
NA,сборк,0,0,0,0,0,0,0,1
NA,сброд,1,0,0,1,0,0,0,0
NA,свадебн,0,1,0,0,1,0,0,1
NA,свадьб,0,1,0,0,1,0,0,1
NA,свалк,1,0,0,0,0,1,0,0
NA,свастик,1,0,0,1,0,0,0,0
NA,свах,0,1,0,0,0,0,0,0
NA,свергнут,0,1,0,1,0,0,0,0
NA,сверхъестествен,0,0,0,1,0,0,1,0
NA,свет,0,1,0,0,1,0,0,1
NA,светск,0,1,0,0,0,0,0,0
NA,свидетел,0,0,0,0,0,0,0,1
NA,свидетельствова,0,0,0,0,0,0,0,1
NA,свин,0,0,1,0,0,0,0,0
NA,свинарник,0,0,1,0,0,0,0,0
NA,свиреп,1,0,1,1,0,0,0,0
NA,свобод,0,1,0,0,1,0,1,1
NA,свободн,0,0,0,0,1,0,0,1
NA,сводить с ум,1,0,0,1,0,0,0,0
NA,своенравн,1,0,0,0,0,1,0,0
NA,сволоч,0,0,1,0,0,1,0,0
NA,связанные с,0,0,0,0,0,0,0,1
NA,свят,0,1,0,0,1,0,1,1
NA,святилищ,0,1,0,0,1,0,0,1
NA,святост,0,1,0,1,1,0,1,1
NA,священник,0,0,0,0,0,0,0,1
NA,священств,0,1,0,0,1,1,0,1
NA,сговор,1,0,1,1,0,1,0,0
NA,сдава,0,0,0,1,0,1,0,0
NA,сдач,0,0,0,1,0,0,0,0
NA,сделк,0,0,0,0,0,0,0,1
NA,сдержа,0,1,0,1,0,0,0,0
NA,сдержива,1,0,0,1,0,0,0,0
NA,сдува,1,0,0,0,0,1,0,0
NA,сед,0,0,0,0,0,1,0,0
NA,сезон дожд,0,0,0,0,0,1,0,0
NA,секвестр,0,0,0,0,0,1,0,0
NA,секрет,0,0,0,0,0,0,0,1
NA,секретирова,0,0,1,0,0,0,0,0
NA,секретн,0,0,0,0,0,0,1,1
NA,секрец,0,0,1,0,0,0,0,0
NA,секс,0,1,0,0,1,0,0,1
NA,сектант,1,0,0,1,0,0,0,0
NA,сельский жител,0,0,0,0,0,0,0,1
NA,сенат,0,0,0,0,0,0,0,1
NA,сенсацион,0,0,0,0,1,0,0,0
NA,сепаратист,1,0,1,0,0,0,0,0
NA,сепсис,0,0,0,1,0,1,0,0
NA,септическ,0,0,1,0,0,0,0,0
NA,сер,1,0,1,1,0,1,0,1
NA,сердечная бол,0,0,0,0,0,1,0,0
NA,сердечный черв,0,0,1,0,0,0,0,0
NA,сердит,1,0,1,0,0,1,0,0
NA,сердцевин,0,0,0,0,0,0,0,1
NA,сериа,0,1,0,0,0,0,0,0
NA,серьезн,0,0,0,1,0,1,0,0
NA,сестринств,1,0,0,0,0,1,1,1
NA,сет,0,1,0,0,0,0,0,0
NA,сея,1,0,0,0,0,0,0,0
NA,сиб,0,0,0,0,0,0,0,1
NA,сибирская язв,0,0,1,1,0,1,0,0
NA,сил,1,0,0,1,0,0,0,0
NA,симметр,0,0,0,0,1,0,0,1
NA,симпат,0,0,0,0,1,0,0,1
NA,симпатичн,0,1,0,1,1,1,0,1
NA,симфон,0,1,0,0,1,0,0,0
NA,син,0,0,0,0,0,1,0,0
NA,синергетическ,0,0,0,0,0,0,0,1
NA,синод,0,0,0,0,0,0,0,1
NA,синонимичн,0,0,0,1,0,0,0,1
NA,синхронизирова,0,1,0,0,1,0,1,1
NA,синяк,0,1,0,0,0,0,0,0
NA,сир,0,0,0,1,0,0,0,0
NA,сирот,0,0,0,1,0,1,0,0
NA,систем,0,0,0,0,0,0,0,1
NA,сия,0,1,0,0,1,0,0,0
NA,сиян,0,1,0,0,1,0,0,1
NA,скальпел,0,0,0,1,0,0,0,0
NA,сканда,0,0,0,1,0,0,0,0
NA,скандальн,1,0,0,0,0,0,0,0
NA,скептическ,0,0,0,0,0,0,0,1
NA,склеп,0,0,0,1,0,1,0,0
NA,склонност,0,1,0,0,0,0,0,0
NA,скольз,1,1,0,1,1,1,0,0
NA,скорая помощ,0,0,0,1,0,0,0,1
NA,скорб,0,0,0,1,0,1,0,0
NA,скорбн,1,0,0,1,0,1,0,0
NA,скорбя,0,0,0,0,0,1,0,0
NA,скороговорк,1,0,0,0,0,0,0,0
NA,скорпион,1,0,1,1,0,0,1,0
NA,скотобойн,1,0,1,1,0,1,0,0
NA,скраб,0,0,1,0,0,0,0,0
NA,скреп,1,0,0,1,0,1,0,0
NA,скромн,0,0,1,0,0,1,0,1
NA,скрыва,0,0,0,0,0,1,0,0
NA,скрыт,1,1,1,1,0,0,1,0
NA,скрытн,0,1,0,1,0,0,1,0
NA,скрытност,0,0,0,0,0,0,1,0
NA,скудн,0,0,0,1,0,1,0,0
NA,скук,0,0,0,0,0,1,0,0
NA,скул,0,0,1,0,0,1,0,0
NA,скуп,1,0,1,1,0,1,0,0
NA,скучн,0,0,0,0,0,1,0,0
NA,слаб,0,0,0,1,0,1,0,0
NA,слабак,1,0,1,1,0,1,0,0
NA,слабительн,0,0,1,1,0,0,0,0
NA,слабост,0,0,0,0,0,1,0,0
NA,слабоум,0,0,0,1,0,1,0,0
NA,слав,0,1,0,0,1,0,0,1
NA,сладк,0,1,0,0,1,0,1,1
NA,сладост,0,1,0,0,1,0,0,0
NA,сладострастн,0,1,0,0,1,0,0,0
NA,следств,0,1,0,0,0,0,0,0
NA,слезлив,0,0,1,1,0,1,0,0
NA,слеп,0,0,0,0,0,1,0,0
NA,слепот,0,0,0,0,0,1,0,0
NA,слива,0,1,0,0,0,0,0,1
NA,слиз,0,0,1,0,0,0,0,0
NA,слизист,0,0,1,0,0,0,0,0
NA,слизняк,0,0,1,0,0,0,0,0
NA,слов,1,0,0,0,0,0,0,1
NA,сложн,0,0,0,1,0,0,0,0
NA,слома,1,0,0,1,0,1,0,0
NA,слуг,0,0,0,0,0,0,0,1
NA,слух,0,0,0,1,0,1,0,0
NA,случ,0,1,0,0,0,0,1,0
NA,случа,0,1,0,0,0,0,0,0
NA,случайн,0,0,0,1,0,0,1,0
NA,слюн,0,1,0,0,0,0,0,0
NA,слякот,0,0,1,0,0,0,1,0
NA,смел,0,0,0,1,0,0,0,0
NA,смен,0,1,0,0,0,0,1,0
NA,смерт,1,1,1,1,0,1,1,0
NA,смертельн,1,0,1,1,0,1,0,0
NA,смертност,1,0,0,1,0,1,0,0
NA,смех,0,1,0,0,1,0,1,0
NA,смехотворн,0,0,1,0,0,0,0,0
NA,смеща,0,0,0,0,0,1,0,0
NA,смеющ,0,0,0,0,1,0,0,0
NA,смирен,0,0,0,0,0,1,0,1
NA,смотрет,0,1,0,1,0,0,0,0
NA,смотрител,0,0,0,0,0,0,0,1
NA,смуща,0,0,0,0,0,1,0,0
NA,смущен,0,0,0,1,0,1,1,0
NA,смятен,1,0,0,1,0,1,0,0
NA,снаряд,0,0,0,1,0,0,0,0
NA,снаст,1,0,0,0,0,0,1,0
NA,снисходительн,1,0,1,0,0,1,0,0
NA,собак,1,0,1,1,0,0,0,0
NA,соблазнительн,0,1,0,0,0,0,0,0
NA,соболезнован,0,0,0,0,0,1,0,0
NA,собран,0,0,0,0,0,0,0,1
NA,совершенств,0,1,1,0,1,0,1,1
NA,совест,0,0,0,0,0,0,0,1
NA,совет,0,1,0,0,0,0,0,1
NA,советник,1,0,0,1,0,0,0,1
NA,советова,0,0,0,0,0,0,0,1
NA,соглас,0,0,0,0,0,0,0,1
NA,согласова,0,0,0,0,0,0,0,1
NA,соглашен,0,0,0,0,0,0,0,1
NA,содержан,0,0,0,0,1,0,0,1
NA,содрога,0,0,0,1,0,0,0,0
NA,содружеств,0,0,0,0,0,0,0,1
NA,соединительн,0,0,0,0,0,0,0,1
NA,сожалел,0,0,0,0,0,1,0,0
NA,сожален,0,0,0,0,0,1,0,0
NA,сожалет,1,0,1,0,0,1,0,0
NA,сожжен,0,0,1,0,0,0,0,0
NA,созда,0,0,0,0,1,0,0,0
NA,созрева,0,1,0,0,0,0,0,0
NA,сок,0,0,0,0,0,1,0,0
NA,сокамерник,0,0,1,1,0,0,0,0
NA,"сокращаться, сжима",0,0,0,1,0,1,0,0
NA,сокращен,0,0,0,1,0,0,0,0
NA,сокровищ,0,1,0,0,1,0,0,1
NA,сокрушительн,1,0,1,1,0,0,0,0
NA,сокрыт,1,1,0,1,0,0,0,0
NA,солдат,1,0,0,0,0,1,0,0
NA,солидарн,0,0,0,0,0,0,0,1
NA,солнечн,0,1,0,0,1,0,1,0
NA,солнечные час,0,1,0,0,0,0,0,1
NA,солнечный свет,0,0,0,0,1,0,0,0
NA,солнц,0,1,0,0,1,0,1,1
NA,соматическ,0,0,0,0,0,0,1,0
NA,сомнева,0,0,0,1,0,1,0,1
NA,сомнительн,0,0,1,1,0,0,0,1
NA,сонар,0,1,0,0,0,0,0,0
NA,сонет,0,0,0,0,1,1,0,0
NA,соответств,0,0,0,0,0,0,0,1
NA,соперничеств,1,0,0,0,0,0,0,0
NA,сопровожда,0,0,0,0,0,0,0,1
NA,сопровожден,0,1,0,0,1,0,0,1
NA,сопротивлен,1,0,0,1,0,1,0,0
NA,сорняк,0,0,0,0,0,1,0,0
NA,сосед,0,1,0,0,0,0,0,1
NA,соскальзыва,0,0,0,0,0,0,1,0
NA,сосн,0,0,0,0,0,1,0,0
NA,составля,0,0,0,0,0,0,0,1
NA,сострадан,0,0,0,1,0,0,0,0
NA,сосуществова,0,0,0,0,0,0,0,1
NA,сосуществован,0,0,0,0,0,0,0,1
NA,сотрудник,0,0,0,0,0,0,0,1
NA,сотрудничеств,0,0,0,0,0,0,0,1
NA,сотрясен,1,0,0,0,0,1,0,0
NA,сохранен,0,1,0,0,0,0,0,1
NA,социализм,0,0,1,1,0,0,0,0
NA,социалист,1,0,1,1,0,1,0,0
NA,соч,0,0,1,0,0,0,0,0
NA,сочн,0,1,0,0,1,0,0,1
NA,сочувств,0,0,0,0,0,1,0,0
NA,сочувствова,0,0,0,0,0,1,0,0
NA,союзн,0,0,0,0,0,0,0,1
NA,союзник,0,0,0,0,0,0,0,1
NA,спа,0,1,0,0,1,0,1,1
NA,спад,0,0,0,0,0,1,0,0
NA,спазм,0,0,0,1,0,0,0,0
NA,спаниел,0,0,0,0,1,0,0,1
NA,спаса,0,1,0,0,1,0,1,1
NA,спасен,0,1,0,0,1,0,0,1
NA,спаст,0,0,0,0,1,0,0,1
NA,спекулятивн,0,1,0,0,0,0,0,0
NA,специализирова,0,0,0,0,0,0,0,1
NA,специалист,0,0,0,0,0,0,0,1
NA,специальн,0,0,0,0,1,0,0,0
NA,сплочен,0,0,0,0,0,0,0,1
NA,спойлер,0,0,0,0,0,1,0,0
NA,спокойн,0,0,0,0,1,0,0,0
NA,спокойств,0,0,0,0,1,0,0,1
NA,спонсор,0,0,0,0,0,0,0,1
NA,спор,1,0,1,1,0,1,0,0
NA,спорн,1,0,1,1,0,0,0,0
NA,спотык,1,0,0,0,0,1,0,0
NA,справедлив,0,0,0,0,0,0,0,1
NA,справочник,0,0,0,0,0,0,0,1
NA,спрайт,0,0,0,1,0,0,0,0
NA,спрята,0,0,0,1,0,0,0,0
NA,спуск,0,0,0,1,0,1,0,0
NA,сража,1,0,0,1,0,1,0,0
NA,средств,0,1,0,0,1,0,0,1
NA,срок действ,0,0,0,1,0,0,0,0
NA,срочн,0,1,0,1,0,0,1,0
NA,срочност,0,1,0,1,0,0,1,0
NA,срыгиван,0,0,1,0,0,0,0,0
NA,ссор,1,0,1,0,0,0,0,0
NA,стабильн,0,0,0,0,0,0,0,1
NA,стара,0,1,0,0,0,0,0,0
NA,старая дев,0,0,0,1,0,1,0,0
NA,старейшин,0,0,0,0,0,0,0,1
NA,старш,0,0,0,0,0,0,0,1
NA,старшинств,0,0,0,0,0,0,0,1
NA,статистическ,0,0,0,0,0,0,0,1
NA,стебел,0,0,0,1,0,0,0,0
NA,стенограмм,0,0,0,0,0,0,0,1
NA,стенокард,0,0,0,1,0,0,0,0
NA,стерет,0,0,0,1,0,0,0,0
NA,стержен,0,0,0,1,0,0,0,1
NA,стерильн,0,0,0,0,0,1,0,0
NA,стечение обстоятельств,0,0,0,0,0,0,1,0
NA,стипенд,0,0,0,0,1,0,0,1
NA,стихийное бедств,1,0,1,1,0,1,1,0
NA,стойк,0,0,0,1,0,1,0,1
NA,стойкост,0,0,0,0,1,0,0,1
NA,столбняк,0,0,1,0,0,0,0,0
NA,столкновен,1,0,0,1,0,0,0,0
NA,стоматолог,0,0,0,1,0,0,0,0
NA,стон,0,0,1,1,0,1,0,0
NA,сторож,0,0,0,1,0,0,0,1
NA,сторожевая собак,0,0,0,0,0,0,0,1
NA,сторон,1,0,0,0,0,1,0,0
NA,сторонник,0,0,0,0,1,0,0,1
NA,сточные вод,0,0,1,0,0,0,0,0
NA,страдалец,0,0,0,1,0,1,0,0
NA,страдан,0,0,1,1,0,1,0,0
NA,стран,0,0,1,0,0,0,1,0
NA,странност,0,0,1,0,0,1,1,0
NA,страст,0,1,0,0,1,0,0,1
NA,страстн,1,1,0,1,1,0,0,1
NA,страстное желан,0,1,0,0,0,0,0,0
NA,стратег,0,1,0,0,0,0,0,1
NA,страх,1,1,0,1,0,0,0,0
NA,страшн,0,0,0,1,0,1,0,0
NA,стрелок,0,0,0,1,0,0,0,0
NA,стрельб,1,0,0,1,0,0,0,0
NA,стреля,1,0,0,1,0,0,0,0
NA,стрем,0,1,0,0,1,0,0,0
NA,стремительн,0,0,0,0,0,0,1,0
NA,стремлен,0,1,0,0,1,0,1,1
NA,стремя,0,1,0,0,1,0,0,1
NA,строг,0,0,0,1,0,1,0,0
NA,строгост,0,0,1,1,0,0,0,0
NA,строительные лес,0,0,0,1,0,0,0,0
NA,строк,1,0,0,0,0,0,0,0
NA,структур,0,0,0,0,0,0,0,1
NA,структурн,0,0,0,0,0,0,0,1
NA,стук,1,0,0,1,0,0,0,0
NA,стыд,0,0,1,1,0,1,0,0
NA,стыдя,0,0,1,0,0,1,0,0
NA,стычк,1,0,0,0,0,0,0,0
NA,стюард,0,0,0,0,0,0,0,1
NA,субит,0,0,0,0,0,0,1,0
NA,сублимац,0,0,0,0,1,0,0,0
NA,субсид,1,0,1,0,0,0,0,0
NA,суд,1,1,1,1,0,1,0,1
NA,судебн,0,1,0,0,0,0,0,1
NA,судебная власт,0,1,0,0,0,0,0,1
NA,судебное преследован,0,0,1,0,0,0,0,0
NA,судебный приста,0,0,0,1,0,0,0,1
NA,судн,0,1,0,0,0,0,0,0
NA,судорог,0,1,0,0,0,0,0,0
NA,судоходн,0,1,0,0,0,0,0,0
NA,судьб,0,1,0,0,0,0,0,0
NA,суевер,0,0,0,1,0,0,0,0
NA,суеверн,0,1,0,1,0,0,0,0
NA,суетлив,0,0,1,0,0,0,0,0
NA,сужден,0,0,0,0,0,0,1,0
NA,сук,1,0,1,1,0,1,0,0
NA,султа,0,0,0,1,0,0,0,0
NA,сумасбродн,0,0,0,0,0,0,1,0
NA,сумасшедш,1,0,1,1,0,0,0,0
NA,суматох,1,0,0,1,0,1,1,0
NA,сумматор,1,0,1,1,0,1,0,0
NA,супер звезд,0,0,0,0,1,0,0,1
NA,суперм,0,0,0,0,1,0,0,1
NA,супруг,0,0,0,0,1,0,0,1
NA,суров,0,0,0,0,0,0,0,1
NA,суррогат,0,0,0,0,0,0,0,1
NA,существ,0,0,1,1,0,0,0,0
NA,схват,1,0,0,0,0,0,0,0
NA,схватк,0,0,0,0,0,0,1,0
NA,схватыван,0,1,0,0,0,0,0,0
NA,счаст,0,1,0,0,1,0,0,0
NA,счастлив,0,1,0,0,1,0,1,1
NA,счет,0,1,0,0,1,0,1,1
NA,счита,0,0,0,0,0,0,0,1
NA,съежива,0,0,1,1,0,1,0,0
NA,сып,0,0,1,0,0,0,0,0
NA,сыр,0,0,1,0,0,0,0,0
NA,сью,1,0,0,0,0,1,0,0
NA,сэр,0,0,0,0,0,0,0,1
NA,сюрприз,0,0,0,1,1,0,1,0
NA,таб,0,0,1,1,0,0,0,0
NA,таблетк,0,0,0,0,0,0,0,1
NA,табулирова,0,1,0,0,0,0,0,0
NA,табуретк,0,0,1,0,0,0,0,0
NA,таинствен,0,1,0,1,0,0,1,0
NA,тайн,0,1,0,0,0,0,1,1
NA,тайфун,0,0,0,1,0,0,0,0
NA,тактик,0,0,0,1,0,0,0,1
NA,танд,0,0,0,0,0,0,0,1
NA,танец,0,0,0,0,1,0,0,1
NA,тарабарщин,1,0,0,0,0,0,0,0
NA,тариф,1,0,1,0,0,0,0,0
NA,твар,0,0,1,0,0,0,0,0
NA,тверд,0,0,1,0,0,0,0,0
NA,твердост,0,0,0,0,0,0,0,1
NA,театр,0,0,0,0,1,0,0,0
NA,теизм,0,0,1,0,0,0,0,0
NA,телец,0,0,0,0,1,0,0,1
NA,телохранител,0,0,0,0,0,0,0,1
NA,телятин,0,0,0,0,0,1,0,1
NA,темен,0,0,0,0,0,0,0,1
NA,темн,0,0,0,0,0,1,0,0
NA,темниц,0,0,0,1,0,0,0,0
NA,темнот,1,0,0,1,0,1,0,0
NA,тендер,0,0,0,0,1,0,0,1
NA,тенист,0,0,0,1,0,0,0,0
NA,теократическ,1,0,0,1,0,1,0,1
NA,теор,0,1,0,0,0,0,0,1
NA,теорем,0,0,0,0,0,0,0,1
NA,терапевтическ,0,0,0,0,1,0,0,1
NA,терм,0,0,1,0,0,0,0,0
NA,термина,0,0,0,1,0,1,0,0
NA,термометр,0,0,0,0,0,0,0,1
NA,термопар,0,1,0,0,0,0,0,0
NA,терпен,0,1,0,0,0,0,0,1
NA,терпет,1,0,0,0,0,1,0,0
NA,терроризирова,1,0,0,1,0,1,0,0
NA,терроризм,1,0,1,1,0,1,0,0
NA,террорист,1,0,1,1,0,1,1,0
NA,терт,1,0,0,0,0,0,0,0
NA,теря,1,0,1,1,0,1,1,0
NA,тест,1,0,0,1,0,0,0,0
NA,тет,0,0,0,0,0,0,0,1
NA,техническое обслуживан,0,0,0,0,0,0,0,1
NA,тира,1,0,1,1,0,1,0,0
NA,тирад,1,0,1,0,0,0,0,0
NA,тиран,0,0,0,1,0,1,0,0
NA,тираническ,1,0,1,1,0,0,0,0
NA,тих,0,0,0,0,0,1,0,0
NA,ткацкий станок,0,1,0,1,0,0,0,0
NA,тля,0,0,1,0,0,0,0,0
NA,товарищ,0,0,0,0,0,0,0,1
NA,токсин,0,0,0,1,0,0,0,0
NA,токсичн,0,0,1,0,0,0,0,0
NA,толковый словар,0,0,0,0,0,0,0,1
NA,толп,1,0,0,1,0,0,0,0
NA,толст,0,0,1,0,0,1,0,0
NA,толчок,0,0,0,0,0,0,1,0
NA,томя,0,0,0,1,0,1,0,0
NA,тонут,0,0,0,1,0,1,0,0
NA,топ,0,1,0,0,0,0,0,1
NA,торгова,0,0,0,0,0,0,0,1
NA,торговец,0,0,0,0,0,0,0,1
NA,торговл,0,0,0,0,0,0,0,1
NA,торжеств,0,1,0,0,1,0,0,1
NA,тормоз,0,0,1,1,0,1,0,0
NA,торнад,0,0,0,1,0,0,0,0
NA,тороп,0,1,0,0,0,0,0,0
NA,торпед,1,0,0,0,0,0,0,0
NA,тоск,1,1,0,1,1,1,0,1
NA,тоска по д,0,0,0,0,0,1,0,0
NA,тосклив,0,0,0,0,0,1,0,0
NA,тост,0,0,0,0,1,0,0,0
NA,точ,1,1,0,0,0,0,0,0
NA,точн,0,0,0,0,0,0,0,1
NA,тошнот,0,0,1,0,0,0,0,0
NA,тошнотворн,1,0,1,1,0,1,0,0
NA,травматическ,1,0,0,1,0,1,0,0
NA,трагед,0,0,0,1,0,1,0,0
NA,тракт,0,0,0,1,0,0,0,0
NA,трат,0,0,1,1,0,1,0,0
NA,траур,0,0,0,0,0,1,0,0
NA,требован,1,0,0,0,0,0,0,0
NA,требовательн,0,1,1,1,0,0,1,0
NA,тревог,1,1,0,1,0,1,1,0
NA,тревожн,0,1,0,1,0,1,1,0
NA,трезвост,0,0,0,0,0,0,0,1
NA,тремор,1,1,0,1,0,1,0,0
NA,трен,1,0,0,0,0,0,0,0
NA,тренер,0,0,0,0,0,0,0,1
NA,трепет,0,1,0,1,1,0,1,0
NA,треснувш,1,0,0,1,0,0,0,0
NA,трибун,0,0,0,0,0,0,0,1
NA,трибуна,0,1,1,1,0,0,0,1
NA,тринадцат,0,0,0,1,0,0,0,0
NA,триумф,0,1,0,0,1,0,0,0
NA,тролл,1,0,0,1,0,0,0,0
NA,трон,0,0,0,0,0,0,0,1
NA,трост,1,0,0,1,0,0,0,0
NA,тротуар,0,0,0,0,0,0,0,1
NA,троф,0,1,0,0,1,0,1,1
NA,труд,0,0,0,0,0,1,0,0
NA,"труд, работ",0,1,0,0,1,0,1,1
NA,трудност,1,0,0,1,0,1,0,0
NA,труп,0,0,1,1,0,1,1,0
NA,трусик,0,0,0,0,0,0,0,1
NA,труслив,0,0,1,1,0,1,0,0
NA,трусост,0,0,0,1,0,0,0,0
NA,трущоб,0,0,1,0,0,0,0,0
NA,трэш,1,0,1,1,0,1,0,0
NA,тряпк,0,0,1,0,0,0,0,0
NA,трясин,0,0,1,0,0,0,0,0
NA,тряск,0,0,0,1,0,0,0,0
NA,тряст,0,0,0,1,0,0,0,0
NA,туалет,0,0,1,0,0,0,0,0
NA,тума,0,0,0,1,0,0,0,0
NA,туп,0,0,0,0,0,1,0,0
NA,тупик,1,0,0,0,0,0,0,0
NA,турбулентн,1,0,0,1,0,0,0,0
NA,тускнет,0,0,1,0,0,1,0,0
NA,туш,0,0,1,1,0,1,0,0
NA,тщательно исследова,0,1,0,0,0,0,0,0
NA,тщетн,0,0,1,0,0,1,0,0
NA,тыка,0,1,0,0,0,0,0,0
NA,тюк,0,0,0,1,0,0,0,0
NA,тюремное заключен,1,0,1,1,0,1,0,0
NA,тюрьм,1,0,0,1,0,1,0,0
NA,тяготет,0,1,0,0,0,0,0,0
NA,тяжелая утрат,0,0,0,0,0,1,0,0
NA,тяжк,1,0,0,1,0,1,0,0
NA,уб,1,0,0,1,0,0,0,0
NA,убега,0,0,0,0,0,1,0,0
NA,убедительн,0,0,0,0,0,0,0,1
NA,убежда,0,1,0,0,0,0,0,1
NA,убежден,0,0,0,0,0,0,0,1
NA,убежищ,0,0,0,1,0,0,0,0
NA,убийств,1,0,1,1,0,1,1,0
NA,убийствен,1,0,1,1,0,1,1,0
NA,убийц,1,0,1,1,0,1,1,0
NA,убог,1,0,1,0,0,1,0,0
NA,уборн,0,0,1,0,0,0,0,0
NA,уважа,0,1,0,0,1,0,0,1
NA,уведомлен,0,1,0,0,0,0,0,0
NA,увековеч,0,1,0,0,0,0,0,0
NA,уверен,0,0,0,1,1,0,0,1
NA,уверенная в себ,0,0,0,0,1,0,0,1
NA,увертюр,0,1,0,0,0,0,0,0
NA,увеч,1,0,1,1,0,1,0,0
NA,увлечен,0,1,0,0,1,0,0,1
NA,увольнен,1,0,1,1,0,1,1,0
NA,увяда,0,0,0,0,0,1,0,0
NA,углублен,0,0,0,1,0,0,0,0
NA,угнета,1,0,1,1,0,1,0,0
NA,угнетател,1,0,0,1,0,1,0,0
NA,угнетен,1,0,1,1,0,1,0,0
NA,уговор,0,0,0,0,0,0,0,1
NA,уголовн,1,0,1,1,0,1,0,0
NA,уголовник,0,0,0,1,0,0,0,0
NA,угор,0,0,0,1,0,0,0,0
NA,угрожа,1,1,1,1,0,0,0,0
NA,угроз,1,0,0,1,0,0,0,0
NA,угрызение совест,0,0,0,0,0,1,0,0
NA,угрюм,1,0,1,0,0,1,0,0
NA,уда,0,0,0,0,1,0,0,0
NA,удаля,1,0,0,1,0,1,0,0
NA,ударить кулак,1,0,0,1,0,1,1,0
NA,удач,0,1,0,0,1,0,1,1
NA,удачный ход,1,0,0,0,0,0,1,0
NA,удержива,0,0,0,0,0,0,0,1
NA,удивительн,0,1,0,0,1,0,1,0
NA,удивл,0,0,0,0,0,0,1,0
NA,удивлен,0,0,0,0,1,0,1,0
NA,удивля,0,0,0,0,0,0,1,0
NA,удовлетворя,0,0,0,0,1,0,1,0
NA,удовольств,1,1,1,1,1,1,1,1
NA,удостоверя,0,0,0,0,0,0,0,1
NA,удуш,1,0,0,1,0,0,0,0
NA,удуша,0,0,1,1,0,1,0,0
NA,удушен,1,0,0,0,0,1,0,0
NA,уединен,0,0,0,1,0,1,0,0
NA,ужас,1,0,0,1,0,1,0,0
NA,ужаса,0,0,1,1,0,1,0,0
NA,ужасн,1,1,1,1,0,1,1,0
NA,ужастик,1,0,1,1,0,1,1,0
NA,узаконен,1,0,0,1,1,0,0,1
NA,узнава,0,1,0,0,0,0,0,0
NA,узурпирова,1,0,0,1,0,0,0,0
NA,указ,0,0,0,1,0,0,0,0
NA,уклонен,0,0,0,1,0,1,0,0
NA,уклоня,1,0,1,1,0,0,0,0
NA,уколот,1,0,1,1,0,0,1,0
NA,укоренен,0,0,0,0,0,0,0,1
NA,украден,1,0,0,0,0,0,0,0
NA,украдк,0,0,0,0,0,0,1,0
NA,украша,0,0,0,0,1,0,0,0
NA,укреплен,0,0,0,0,1,0,0,1
NA,улиц,0,0,0,0,0,1,0,0
NA,улучша,0,1,0,0,1,0,0,1
NA,улучшен,0,0,0,0,1,0,0,1
NA,улыба,0,0,0,0,1,0,0,0
NA,улыбк,0,0,0,0,1,0,1,1
NA,ультиматум,1,0,0,1,0,0,0,0
NA,улюлюка,1,0,1,0,0,0,0,0
NA,умаля,1,0,0,0,0,0,0,0
NA,уменьш,0,1,0,0,0,1,0,0
NA,умерен,0,0,0,0,0,0,0,1
NA,умерет,0,0,0,1,0,1,0,0
NA,умерщвлен,0,1,1,1,0,1,0,0
NA,умира,1,0,1,1,0,1,0,0
NA,умиротворен,0,1,0,0,1,0,0,1
NA,умн,0,0,0,0,0,0,0,1
NA,университет,0,1,0,0,0,0,0,0
NA,унижа,1,0,0,0,0,1,0,0
NA,унижающий достоинств,0,0,1,1,0,1,0,0
NA,унижен,0,0,1,0,0,1,0,0
NA,унизительн,0,0,1,0,0,0,0,0
NA,уникальн,0,0,0,0,0,0,1,0
NA,уничижительн,1,0,1,1,0,1,0,0
NA,уничтож,1,0,0,1,0,1,0,0
NA,уничтожен,1,0,0,1,0,1,0,0
NA,уныл,0,0,0,0,0,1,0,0
NA,упа,0,0,0,0,0,1,0,0
NA,упадок,0,0,1,1,0,1,0,0
NA,упива,0,0,0,0,1,0,0,0
NA,уплотнен,0,0,0,0,0,0,0,1
NA,управлен,0,0,0,0,0,0,0,1
NA,управля,0,0,0,0,0,0,0,1
NA,упражня,0,1,0,0,0,0,0,0
NA,упрежда,0,1,0,0,0,0,0,0
NA,упрек,1,0,1,0,0,1,0,0
NA,упроща,0,1,0,0,1,0,1,1
NA,упс,1,0,0,0,0,0,0,0
NA,упуска,1,0,1,0,0,1,0,0
NA,ур,0,0,0,0,1,0,0,0
NA,урага,0,0,0,1,0,0,0,0
NA,урн,0,0,0,0,0,1,0,0
NA,уровен,0,0,0,0,0,0,0,1
NA,уродлив,0,0,1,0,0,0,0,0
NA,уродств,0,0,1,1,0,1,0,0
NA,урожа,0,1,0,0,1,0,0,0
NA,урок,0,1,0,0,0,0,0,1
NA,усерд,0,0,0,0,0,0,0,1
NA,усилива,0,0,0,1,0,0,0,0
NA,ускор,0,1,0,0,0,0,0,0
NA,условно-досрочное освобожден,0,1,0,0,0,0,0,0
NA,усложня,1,0,0,0,0,0,0,0
NA,услужлив,1,1,1,1,1,0,1,1
NA,успех,0,1,0,0,1,0,0,0
NA,успешн,0,1,0,0,1,0,0,1
NA,успокаива,0,0,0,0,1,0,0,1
NA,успоко,0,0,0,0,0,0,0,1
NA,уста,0,0,0,0,0,1,0,0
NA,устал,0,0,0,0,0,1,0,0
NA,установ,0,1,0,0,0,0,0,0
NA,устойчив,0,0,0,0,0,0,1,1
NA,устранен,1,0,1,1,0,1,0,0
NA,усугублен,1,0,0,0,0,0,0,0
NA,утвердительн,0,0,0,0,0,0,0,1
NA,утвержден,0,0,0,0,0,0,0,1
NA,утес,0,0,0,1,0,0,0,0
NA,утопическ,0,1,0,0,1,0,0,1
NA,утр,0,1,0,0,0,0,0,0
NA,утюг,0,0,0,0,0,0,0,1
NA,ухаживан,0,1,0,0,1,0,0,1
NA,ухмылк,0,1,0,0,1,0,1,1
NA,уход на пенс,0,1,0,1,1,1,0,1
NA,уходить в отставк,1,0,1,1,0,1,0,0
NA,ухудша,0,0,0,1,0,1,0,0
NA,ухудшен,1,0,1,1,0,1,0,0
NA,уч,0,0,0,0,1,0,1,1
NA,участ,1,0,0,0,0,0,0,0
NA,участник,0,0,0,0,0,0,0,1
NA,учен,0,1,0,0,0,0,0,1
NA,ученик,0,0,0,0,0,0,0,1
NA,учетная зап,0,0,0,0,0,0,0,1
NA,учетные запис,0,0,0,0,0,0,0,1
NA,учител,0,0,0,0,0,0,0,1
NA,учред,0,0,0,0,1,0,0,0
NA,учредител,0,0,0,1,0,0,0,0
NA,учрежда,0,0,0,0,0,0,0,1
NA,ушел,0,0,0,0,0,1,0,0
NA,ущел,0,0,1,0,0,0,0,0
NA,ущерб,0,0,0,0,0,1,0,0
NA,уязвим,0,0,0,1,0,1,0,0
NA,файн,0,1,0,0,1,0,0,1
NA,факт,0,0,0,0,0,0,0,1
NA,факультет,0,0,0,0,0,0,0,1
NA,фаланг,0,0,0,1,0,0,0,1
NA,фальсификац,1,0,0,0,0,0,0,0
NA,фальсифицирова,0,0,1,0,0,0,0,0
NA,фальшив,1,0,1,0,0,0,0,0
NA,фанатизм,0,0,0,1,0,0,0,0
NA,фанатик,1,0,1,1,0,0,0,0
NA,фанатичн,1,0,1,1,0,1,0,0
NA,фанк,0,0,0,0,0,1,0,0
NA,фанфар,0,1,0,0,1,0,1,0
NA,фар,0,1,0,0,0,0,0,0
NA,фарс,0,0,1,0,0,0,0,0
NA,фатальн,1,0,0,1,0,1,0,0
NA,фейерверк,1,1,0,1,0,0,1,0
NA,фекал,0,0,1,0,0,0,0,0
NA,фекальн,0,0,1,0,0,0,0,0
NA,феодализм,1,0,0,0,0,1,0,0
NA,ферм,0,1,0,0,0,0,0,1
NA,ферментац,0,1,0,0,0,0,0,0
NA,ферментирова,0,1,0,0,0,0,0,0
NA,фестивал,0,1,0,0,1,0,1,0
NA,фиаск,0,0,0,1,0,1,0,0
NA,фиест,0,1,0,0,1,0,1,1
NA,физик,0,0,0,0,0,0,0,1
NA,филантроп,0,0,0,0,0,0,0,1
NA,филантропическ,0,0,0,0,0,0,0,1
NA,философ,0,0,0,0,0,0,0,1
NA,флагма,0,0,0,0,0,0,0,1
NA,фланец,0,0,0,0,0,0,0,1
NA,флигел,0,0,1,0,0,0,0,0
NA,флиртова,0,1,0,0,1,0,1,1
NA,флис,1,0,1,0,0,1,0,0
NA,фокусник,0,0,0,0,0,0,1,0
NA,фонтанирова,0,0,1,0,1,0,0,0
NA,формальн,0,0,0,0,0,0,0,1
NA,формир,0,0,0,0,0,0,0,1
NA,формирован,0,1,0,0,0,0,0,0
NA,формул,0,0,0,0,0,0,0,1
NA,форт,0,0,0,0,0,0,0,1
NA,фрегат,0,0,0,1,0,0,0,0
NA,фундаментальн,0,0,0,0,0,0,0,1
NA,фунт,1,0,0,0,0,0,0,0
NA,фунт стерлинг,1,1,0,0,1,0,0,1
NA,фурор,1,0,0,0,0,0,0,0
NA,футбол,0,1,0,0,1,0,0,0
NA,фырка,0,0,0,0,0,1,0,0
NA,халк,0,0,1,0,0,0,0,0
NA,хам,1,0,1,0,0,0,0,0
NA,хан,0,0,0,1,0,0,0,1
NA,хаос,1,0,0,1,0,1,0,0
NA,хаотичн,1,0,0,0,0,0,0,0
NA,хвал,0,0,0,0,1,0,0,1
NA,хвостовик,0,0,0,1,0,0,0,0
NA,хижин,0,0,0,0,0,1,0,0
NA,химер,0,0,0,1,0,0,1,0
NA,химик,0,0,0,0,0,0,0,1
NA,хит,1,0,0,0,0,0,0,0
NA,хитр,1,0,1,1,0,0,0,0
NA,хитрый взгляд,0,0,1,0,0,0,0,0
NA,хихика,0,0,0,0,1,0,0,0
NA,хищн,1,0,0,1,0,1,0,0
NA,хищник,0,0,0,1,0,0,0,0
NA,хлопа,1,0,0,1,0,0,1,0
NA,хлопнут,1,0,1,1,0,1,1,0
NA,хлопок,0,1,0,0,1,0,0,1
NA,хлопотн,1,0,0,1,0,0,0,0
NA,хлыст,1,0,0,0,0,0,0,0
NA,хмур,1,0,1,0,0,1,0,0
NA,хныкан,0,0,0,1,0,1,0,0
NA,хобб,0,0,0,0,1,0,0,0
NA,ходатайствова,0,0,0,1,0,1,0,0
NA,холер,0,0,1,1,0,1,0,0
NA,холодн,1,0,1,1,0,1,0,0
NA,холок,1,0,1,1,0,1,0,0
NA,хор,0,0,0,0,1,0,0,1
NA,хоров,0,0,0,0,1,0,0,0
NA,хорон,0,0,0,1,0,1,0,0
NA,хорош,0,1,0,0,1,0,1,1
NA,хоспис,0,0,0,0,0,1,0,0
NA,хран,0,1,0,0,0,0,0,0
NA,хранен,0,0,0,0,0,0,0,1
NA,хранител,0,0,0,0,0,0,0,1
NA,хребет,1,0,0,0,0,0,0,1
NA,хроник,0,0,0,0,0,0,0,1
NA,хроническ,0,0,0,0,0,1,0,0
NA,хрупк,0,0,0,1,0,1,0,0
NA,хруст,1,0,0,0,0,0,0,0
NA,хрустя,0,0,0,0,0,0,0,1
NA,худш,0,0,0,1,0,1,0,0
NA,царствен,0,0,0,0,0,0,0,1
NA,цвест,0,1,0,0,1,0,0,1
NA,целесообразн,0,0,0,0,1,0,0,1
NA,целова,0,1,0,0,1,0,1,0
NA,целомудр,0,1,0,0,0,0,0,1
NA,цемент,0,1,0,0,0,0,0,1
NA,цен,0,1,0,0,1,0,1,1
NA,цензор,1,0,1,1,0,0,0,1
NA,ценные бумаг,0,0,0,0,0,0,0,1
NA,центр,0,0,0,0,0,0,0,1
NA,церемон,0,0,0,0,1,0,1,0
NA,церков,0,1,0,0,1,0,0,1
NA,цианид,0,0,0,1,0,0,0,0
NA,цивилизац,0,0,0,0,0,0,0,1
NA,цивилизова,0,0,0,0,1,0,0,1
NA,циклон,0,0,0,1,0,0,1,0
NA,цитирова,0,1,0,0,0,0,1,0
NA,цитомегаловирус,0,0,0,0,0,1,0,0
NA,цифр,0,0,0,0,0,0,0,1
NA,час,0,1,0,0,0,0,0,0
NA,часов,0,0,0,0,0,0,0,1
NA,частушк,0,0,0,0,1,0,0,0
NA,человечеств,0,0,0,0,1,0,0,1
NA,челюст,0,0,0,1,0,0,0,0
NA,чемпион,0,1,0,0,1,0,0,1
NA,черв,0,1,0,0,0,0,1,0
NA,черновик,0,1,0,0,0,0,0,0
NA,чернокнижник,0,0,0,1,0,0,0,0
NA,чернот,0,0,0,1,0,1,0,0
NA,черств,1,0,1,0,0,0,0,0
NA,чесотк,0,0,1,1,0,0,0,0
NA,чест,0,0,0,0,0,0,0,1
NA,честн,1,0,1,1,1,1,0,1
NA,честност,0,0,0,0,0,0,0,1
NA,чирика,0,0,0,0,1,0,0,0
NA,чист,1,1,0,1,1,1,0,1
NA,чистилищ,0,0,1,1,0,0,0,0
NA,чистот,0,0,0,0,0,0,1,0
NA,чиха,0,0,1,0,0,0,1,0
NA,чреват,0,0,0,1,0,1,0,0
NA,чрезвычайная ситуац,0,0,0,1,0,1,1,0
NA,что,0,0,0,0,0,0,0,1
NA,чувств,1,1,1,1,1,1,1,1
NA,чувствен,0,1,0,0,1,0,1,1
NA,чувство вин,0,0,1,0,0,1,0,0
NA,чуд,0,1,0,0,1,0,1,1
NA,чудак,0,0,0,1,0,0,0,0
NA,чудесн,0,0,0,0,1,0,1,0
NA,чудовищн,1,0,1,1,0,0,1,0
NA,чум,0,0,1,1,0,1,0,0
NA,чучел,1,0,0,0,0,0,0,0
NA,шанс,0,0,0,0,0,0,1,0
NA,шантажирова,1,0,0,1,0,0,0,0
NA,шанха,0,0,1,1,0,0,0,0
NA,шарлата,0,0,1,0,0,0,0,0
NA,шата,0,0,0,0,0,0,1,0
NA,шатк,1,1,0,1,0,0,0,0
NA,шедевр,0,0,0,0,1,0,0,0
NA,шериф,0,0,0,0,0,0,0,1
NA,шеств,0,0,0,0,1,1,1,0
NA,шестерн,0,0,0,1,0,0,0,0
NA,шизофрен,1,0,1,1,0,1,0,0
NA,шика,0,1,0,0,0,0,1,1
NA,шип,0,0,0,1,0,0,0,0
NA,шипен,1,0,0,1,0,0,0,0
NA,шипет,1,0,0,0,0,0,0,0
NA,шкатулк,0,0,0,1,0,1,0,0
NA,шквал,0,0,0,1,0,1,0,0
NA,школ,0,0,0,0,0,0,0,1
NA,шлем,0,0,0,1,0,0,0,0
NA,шлепа,1,0,0,1,0,1,0,0
NA,шлепок,1,0,0,0,0,0,1,0
NA,шлюз,0,0,0,0,0,0,0,1
NA,шлюх,1,0,1,0,0,0,0,0
NA,шок,1,0,0,1,0,0,1,0
NA,шокирующ,0,0,0,0,0,0,1,0
NA,шоколад,0,1,0,0,1,0,0,1
NA,шпор,0,0,0,1,0,0,0,0
NA,шприц,0,0,0,1,0,0,0,0
NA,шрам,1,0,1,1,0,1,0,0
NA,шрапнел,0,0,0,1,0,0,0,0
NA,штраф,1,0,0,1,0,1,0,0
NA,штурм,1,0,0,0,0,0,0,0
NA,штык,1,0,0,1,0,0,0,0
NA,шум,1,1,1,0,0,0,1,0
NA,шумих,0,1,0,0,0,0,0,0
NA,шумн,1,1,0,0,1,0,0,0
NA,шутк,0,0,0,0,1,0,1,0
NA,щебен,0,0,0,1,0,1,0,0
NA,щедр,0,0,0,0,1,0,0,1
NA,щедрост,0,1,0,0,1,0,1,1
NA,щекота,0,1,0,0,1,0,1,1
NA,щенок,0,1,0,0,0,0,0,1
NA,эвакуир,0,0,0,1,0,0,0,0
NA,эвтаназ,0,0,0,1,0,1,0,0
NA,эгоистичн,1,0,1,0,0,0,0,0
NA,экзам,0,0,0,1,0,0,1,0
NA,экзорцизм,0,0,0,1,0,1,0,0
NA,экипаж,0,0,0,0,0,0,0,1
NA,экономик,0,0,0,0,0,0,0,1
NA,экскремент,0,0,1,0,0,0,0,0
NA,экскрец,0,0,1,0,0,0,0,0
NA,экспедиц,0,1,0,0,0,0,0,0
NA,эксперимент,0,1,0,0,0,0,1,0
NA,эксперт,0,0,0,0,0,0,0,1
NA,экспертиз,0,0,0,0,0,0,0,1
NA,экстаз,0,1,0,0,1,0,0,0
NA,элегантн,0,1,0,0,1,0,0,1
NA,электорат,0,0,0,0,0,0,0,1
NA,электрическ,0,0,0,0,1,0,1,0
NA,элит,0,1,0,0,1,0,0,1
NA,эльф,1,0,1,1,0,0,0,0
NA,эмансипац,0,1,0,0,1,0,0,0
NA,эмбол,0,0,0,1,0,1,0,0
NA,эндемичн,0,0,1,1,0,1,0,0
NA,эндокард,0,0,0,1,0,1,0,0
NA,энергичн,0,0,0,0,0,0,0,1
NA,энтузиазм,0,1,0,0,1,0,1,0
NA,энтузиаст,0,1,0,0,1,0,1,0
NA,энциклопед,0,0,0,0,0,0,0,1
NA,эпидем,1,1,1,1,0,1,1,0
NA,эпитаф,0,0,0,0,0,1,0,0
NA,эротическ,0,1,0,0,1,0,1,1
NA,эскорт,0,0,0,0,0,0,0,1
NA,эстетик,0,0,0,0,1,0,0,0
NA,этикетк,0,0,0,0,0,0,0,1
NA,эфирн,0,0,0,1,0,0,0,0
NA,эффективн,0,1,0,0,0,0,0,1
NA,эякуляц,0,1,0,0,1,0,1,1
NA,юбил,0,0,0,0,1,0,1,0
NA,юмористическ,0,0,0,0,1,0,0,0
NA,юриспруденц,0,0,0,0,0,1,0,0
NA,юрист,1,0,1,1,0,0,0,1
NA,явлен,0,0,0,1,0,0,1,0
NA,явн,0,0,0,1,0,0,0,0
NA,ягненок,0,0,0,0,1,0,0,1
NA,яд,1,0,1,1,0,1,0,0
NA,ядовит,1,0,1,1,0,1,0,0
NA,язв,1,0,1,1,0,1,0,0
NA,язычник,0,0,0,1,0,0,0,0
NA,якорная стоянк,0,0,0,0,0,1,0,0
NA,ярк,0,0,0,0,1,0,0,0
NA,яркий свет,1,0,0,1,0,0,0,0
NA,ярост,1,0,0,1,0,1,0,0
NA,яростн,1,0,1,1,0,1,0,0
NA,ястреб,0,0,0,1,0,0,0,0
